Facility_Name,Facility_Type,Latitude,Longitude,Data_Sources,Confidence_Score,OSM_ID,Category,Dist_Zipline_km
Abotanse CHPs Compound,CHPS,7.0798809,-0.0957694,"OSM,HDX",0.67,8507017600,CHPS,71.3608433141133
Adaklu Ablornu CHPs Compound,CHPS,6.3488205,0.6367137,"OSM,HDX",0.67,8564385285,CHPS,54.68739179281718
Adukrom CHPs Compound,CHPS,7.0140064,-0.0952629,"OSM,HDX",0.67,8507559106,CHPS,64.72600864217686
Agordeke CHPs Compound,CHPS,7.0558061,0.1203525,"OSM,HDX",0.67,8510344969,CHPS,62.91100153252705
Akome CHPs Compound,CHPS,6.8200771,0.4678395,"OSM,HDX",0.67,8583291384,CHPS,49.84501805996818
Alogboshie CHPS Compound,CHPS,5.6266848,-0.2320251,OSM,0.63,615395145,CHPS,67.97078969769784
Ampeyo CHPs Compound,CHPS,7.7690975,0.5600684,"OSM,HDX",0.67,8645221487,CHPS,63.236053761353
Amuzudeue CHPs Compound,CHPS,6.5037605,0.6293018,"OSM,HDX",0.67,8563325015,CHPS,51.66028621463723
Anfoeta Zongo CHPs Compound,CHPS,6.7403375,0.3913102,"OSM,HDX",0.67,8583254543,CHPS,37.628042223866565
Asikasu CHPs Compound,CHPS,7.0395861,-0.0821343,"OSM,HDX",0.67,8500132756,CHPS,66.67541996768631
Atidze CHPs Compound,CHPS,6.713719,0.5192051,"OSM,HDX",0.67,8564393292,CHPS,46.65177160451238
Atobiata CHPs Compound,CHPS,7.4075371,0.473577,"OSM,HDX",0.67,8614146237,CHPS,68.8669269086695
Atomkongu CHPS Compound,CHPS,10.8351122,-1.0003225,OSM,0.53,808819142,CHPS,58.12887035046852
Attakorah CHPs Compound,CHPS,7.046312,-0.0886518,"OSM,HDX",0.67,8499837804,CHPS,67.64841460388028
Attakrom CHPs Compound,CHPS,7.47321,0.4451324,"OSM,HDX",0.67,8614117401,CHPS,61.973629818367435
Avee CHPs Compound,CHPS,6.7689535,0.5408405,"OSM,HDX",0.67,8564403658,CHPS,52.079419305672666
Awudome Avenui CHPs Compound,CHPS,6.6006191,0.3141154,"OSM,HDX",0.67,8573162141,CHPS,20.854739052261333
Bontibor CHPs Compound,CHPS,8.0896256,0.4973144,"OSM,HDX",0.67,8645212884,CHPS,64.80130290864302
Busec CHPs Compound,CHPS,7.4243914,0.462443,"OSM,HDX",0.67,8614138590,CHPS,66.74361387966728
Chuchukope CHPs Compound,CHPS,6.7186375,-0.1538484,"OSM,HDX",0.67,8521394219,CHPS,43.261887802883834
Dadiase CHPs Compound,CHPS,8.2335103,0.5441421,"OSM,HDX",0.67,8645228719,CHPS,78.00222046803665
Donkorkrom Central CHPs Compound,CHPS,7.0473648,-0.0806923,"OSM,HDX",0.67,8499509164,CHPS,67.39880123238582
Dortorpong Sikasu CHPs Compound,CHPS,6.7377159,-0.3456442,"OSM,HDX",0.67,8527662897,CHPS,60.202990232273976
Guaman CHPs Compound,CHPS,7.4480408,0.4425852,"OSM,HDX",0.67,8614146158,CHPS,63.40623244910375
Gyamlome CHPs Compound,CHPS,7.5811885,0.4434741,"OSM,HDX",0.67,8645197073,CHPS,55.73244577082578
Have CHPs Compound,CHPS,6.527771,0.438216,"OSM,HDX",0.67,8561090485,CHPS,30.80376911014895
Hodzoka CHPs Compound,CHPS,6.6701113,0.5752478,"OSM,HDX",0.67,8564393293,CHPS,49.869388256103335
Hovered CHPs Compound,CHPS,6.5981169,0.4302969,"OSM,HDX",0.67,8574349333,CHPS,32.00288529564151
Kabisayor CHPs Compound,CHPS,7.4146162,0.4726591,"OSM,HDX",0.67,8620745069,CHPS,68.29884391588027
Koranteng CHPs Compound,CHPS,7.0584876,-0.1624817,"OSM,HDX",0.67,8509955777,CHPS,72.55375052996105
Koranteng Krachi CHPs,CHPS,7.0950537,-0.1914645,"OSM,HDX",0.67,8509954038,CHPS,77.65673868677045
Kpazie Community Health Planning and Service (CHPS) Compound,CHPS,10.4123906,-2.6956042,OSM,0.63,1272568879,CHPS,207.32962599302337
Kpenoe CHPs Compound,CHPS,6.6314431,0.5109812,"OSM,HDX",0.67,8550401195,CHPS,41.65639460355966
Kpoeta (Kpɔ̃ta) CHPs Compound,CHPS,6.9094205,0.5426818,"OSM,HDX",0.67,8583272542,CHPS,62.71955158778436
Kwaekesse CHPs Compound,CHPS,7.0574664,-0.1161307,"OSM,HDX",0.67,8507753662,CHPS,70.05649991163527
Kwame Dwamena CHPs Compound,CHPS,6.7409956,-0.3117113,"OSM,HDX",0.67,8527682027,CHPS,59.41080396081107
Kwesi Kumah CHPs Compound,CHPS,6.9705129,-0.1632476,"OSM,HDX",0.67,8515469559,CHPS,64.33099304375018
Lokoe CHPs Compound,CHPS,6.5994827,0.4441626,"OSM,HDX",0.67,8574317869,CHPS,33.48222419643088
Luvudo CHPs Compound,CHPS,6.8762788,0.5249901,"OSM,HDX",0.67,8583234114,CHPS,58.697918103611045
Mafikope CHPs Compound,CHPS,7.1693366,0.0336491,"OSM,HDX",0.67,8506871889,CHPS,69.72322776004226
Mmradan CHPs Compound,CHPS,7.0208187,-0.2189973,"OSM,HDX",0.67,8515501736,CHPS,72.41747805999795
Okanease CHPs,CHPS,7.742699,0.3662283,"OSM,HDX",0.67,8620757871,CHPS,42.22220245655969
Okanta CHPs Compound,CHPS,7.54357,0.4871833,"OSM,HDX",0.67,8645225331,CHPS,61.900784986645654
Tapa Amanya CHPs Compound,CHPS,7.4517949,0.3407377,"OSM,HDX",0.67,8620750318,CHPS,54.64447666914424
Tease Island CHPs Compound,CHPS,6.7618993,-0.2323986,"OSM,HDX",0.67,8520539551,CHPS,53.11374470272765
Teteman CHPs Compound,CHPS,7.3036365,0.5081259,"OSM,HDX",0.67,8614150137,CHPS,79.31974897170117
Tokokoe CHPs Compound,CHPS,6.718498,0.5555533,"OSM,HDX",0.67,8564405849,CHPS,50.361234553868144
kwasi Addae CHPs Compound,CHPS,7.0120056,-0.231568,"OSM,HDX",0.67,8515513909,CHPS,72.45465117026788
21st Clinic,Clinic,5.3030901,-1.9927007,OSM,0.53,460945267,Clinic,111.41877058398414
Aboadze Clinic,Clinic,4.9733344,-1.6500323,OSM,0.53,1149523527,Clinic,162.51992934255898
Abodom CHPS Compound,Clinic,6.1642186,-0.8186405,OSM,0.53,686138088,Clinic,41.439364017704065
Aboso Clinic,Clinic,5.3658203,-1.9409662,"OSM,HDX,healthsites",0.81,4803881309,Clinic,108.49212382906316
Abotoase Health Centre,Clinic,7.4064593,0.3032677,"OSM,HDX,healthsites",0.81,8620744517,Clinic,55.58891399533718
Abubruwa CHPS Compound,Clinic,7.9330107,0.5377045,"OSM,HDX,healthsites",0.81,8645224486,Clinic,62.48361142036003
Abura Clinic,Clinic,5.1311773,-1.2727752,"OSM,HDX,healthsites",0.81,5846864746,Clinic,149.75061542516454
Accra New Town CHPS Compound,Clinic,5.5830514,-0.2059619,OSM,0.63,707847400,Clinic,73.50716132361445
Acheampong Specialist Clinic,Clinic,5.5616954,-0.1725763,"OSM,HDX,healthsites",0.81,6356087258,Clinic,77.09046724000993
Achievers Medical Centre/Pharmacy,Clinic,6.6252406,-1.2075522,"OSM,HDX",0.67,12492183573,Clinic,51.385219823273054
Achimfo Chips,Clinic,5.7842722,-2.7227839,"OSM,HDX,healthsites",0.81,10675101359,Clinic,51.288791773527485
Acolatse Clinic,Clinic,6.7051444,-1.6471662,OSM,0.53,561736824,Clinic,48.26036099115624
Adaa CHPS Compound,Clinic,7.2445264,-1.8550088,"OSM,HDX,healthsites",0.81,7258191886,Clinic,55.95789121003186
Adabraka clinic,Clinic,5.5662728,-0.2095995,"OSM,HDX,healthsites",0.83,1728032224,Clinic,75.09850085185147
Adaklu Ahunda Health Centre,Clinic,6.2884718,0.5447816,"OSM,HDX,healthsites",0.81,7566448586,Clinic,47.72853404565953
Adawukwao CHIPS Compound,Clinic,5.6721049,-0.5151614,"OSM,HDX,healthsites",0.92,4801479847,Clinic,59.1712314901077
Addis Medical Laboratory,Clinic,7.3330164,-2.3215114,"OSM,HDX,healthsites",0.81,5984134810,Clinic,107.87240665465306
Adeiso Polyclinic,Clinic,5.7995879,-0.4906689,OSM,0.63,786945317,Clinic,44.849764822310355
Adenta Clinic,Clinic,5.7060649,-0.1681089,"OSM,HDX,healthsites",0.81,4400510392,Clinic,62.96347659060978
Adowa Boatemaa Memorial Clinic,Clinic,5.5330576,-0.2373638,"OSM,HDX,healthsites",0.81,8868150633,Clinic,77.58013846663415
Afenyo Memorial Hospital,Clinic,5.6921057,-0.0342412,"OSM,HDX,healthsites",0.81,4286173091,Clinic,72.58697719175773
Agbogba Community Clinic,Clinic,5.6949529,-0.2012443,"OSM,HDX,healthsites",0.81,7439191623,Clinic,62.35725176397537
Ahamasu Health Centre,Clinic,7.7255265,0.5502959,"OSM,HDX,healthsites",0.81,8635391676,Clinic,62.59663834016367
Ahmadiyya,Clinic,6.8940491,-2.5651706,OSM,0.53,574819082,Clinic,79.24842296675075
Airport Clinic Limited,Clinic,5.608267,-0.1709184,"OSM,HDX,healthsites",0.81,6923924091,Clinic,72.45967497836759
Airport Clinic Limited,Clinic,5.6074867,-0.1712902,"OSM,HDX,healthsites",0.81,6923935295,Clinic,72.5206839897489
Akai House Clinic,Clinic,5.5772342,-0.171563,OSM,0.53,702226170,Clinic,75.55835718283838
Albany Specialist Clinic,Clinic,5.6701424,-0.1838431,"OSM,HDX,healthsites",0.81,10603797382,Clinic,65.66835097354401
All Care Medical Center,Clinic,5.7080264,-0.0149194,"OSM,HDX,healthsites",0.81,3802490268,Clinic,72.61424744594456
All Faith Clinic,Clinic,5.5429511,-0.3350059,"OSM,HDX,healthsites",0.81,6312866084,Clinic,73.99072649681389
Amamorley Health Centre,Clinic,5.6634783,-0.2968717,"OSM,HDX,healthsites",0.81,7128879152,Clinic,61.880407223079764
Ameco Clinic,Clinic,6.8438867,0.4380732,"OSM,HDX,healthsites",0.81,8583235285,Clinic,49.73027486899045
Amen Scientific Herbal Clinic,Clinic,5.8038321,-2.8246973,"OSM,HDX,healthsites",0.81,10098462068,Clinic,56.28123433594821
Amerilife Spine Clinic,Clinic,6.693929,-1.6458691,"OSM,HDX,healthsites",0.81,6711467326,Clinic,49.175072138106636
Anglican Medical Center,Clinic,5.6972601,-0.2811363,"OSM,HDX,healthsites",0.81,7041388696,Clinic,58.806829363578544
Ankaako CHPS Compound,Clinic,5.3891941,-1.4548716,"OSM,HDX,healthsites",0.81,11944533779,Clinic,143.43328111340506
Anloga Avete Clinic,Clinic,5.7916311,0.8825777,"OSM,HDX,healthsites",0.81,4528254892,Clinic,110.86599529252345
Anomangye Specialist Hospital,Clinic,6.7240929,-1.6399322,"OSM,HDX,healthsites",0.81,8279192389,Clinic,46.10744076686916
Ansaful CHPS Compound,Clinic,5.3875577,-0.648335,OSM,0.63,1094481419,Clinic,92.88135801146464
Anyinasuso Health Centre,Clinic,6.9590279,-2.100323,"OSM,HDX,healthsites",0.81,7704399539,Clinic,79.685957013953
Anyirawase CHPs Compound,Clinic,6.5757507,0.3122873,"OSM,HDX,healthsites",0.81,8573132208,Clinic,19.171804224447264
Apenamadi chips compound,Clinic,6.9264342,-2.4563998,"OSM,HDX,healthsites",0.81,7464619985,Clinic,82.3846917574377
Asanyansu Clinic,Clinic,7.0386905,-0.5199449,OSM,0.63,867046420,Clinic,92.81035523171725
Asarekrom CHPS,Clinic,6.5762288,-2.6390223,"OSM,HDX,healthsites",0.81,7208528785,Clinic,46.82896913331127
Asato-Wawaso CHPS Compound,Clinic,7.6545297,0.4441794,"OSM,HDX,healthsites",0.81,8645208042,Clinic,52.82176682175303
Ashaiman Poly Clinic,Clinic,5.6865054,-0.0397182,"OSM,HDX,healthsites",0.81,1762080645,Clinic,72.69288553633626
Asiedu Memorial Clinic,Clinic,6.0930368,-0.25317,OSM,0.53,615233031,Clinic,24.567160276911533
Asubingya chip compounds,Clinic,7.7429908,-2.0629199,"OSM,HDX,healthsites",0.81,7198169490,Clinic,106.72645445328268
Asuboi chips compound,Clinic,7.2994445,-2.0487166,"OSM,HDX,healthsites",0.81,7257973786,Clinic,78.1024207889563
Asukawkaw Health Centre,Clinic,7.6882864,0.3663789,"OSM,HDX,healthsites",0.81,8620758545,Clinic,43.523343144562226
At Jude Clinic,Clinic,10.8941505,-1.0885918,"OSM,HDX,healthsites",0.81,9925587817,Clinic,68.0884258726225
Atekyem Medical Center,Clinic,6.0785084,-0.2690214,"OSM,HDX,healthsites",0.81,6312202203,Clinic,23.941885636969705
Atonkwa CHPS Compound,Clinic,5.1148728,-1.3256942,OSM,0.63,881814310,Clinic,154.80301107325795
Atronie Health Center,Clinic,7.1593665,-2.404393,OSM,0.53,636641953,Clinic,108.44857660742296
Atta Mills Clinic,Clinic,5.1423082,-1.244005,"OSM,HDX,healthsites",0.81,8077126981,Clinic,146.83804163630512
Awate Health Centre,Clinic,6.8685583,0.2368739,OSM,0.53,1212096546,Clinic,42.82730332350941
Ayeduase Health Centre,Clinic,6.6757824,-1.5610142,OSM,0.63,556311528,Clinic,46.15688403468449
B.A. Fuseini Memorial Clinic,Clinic,9.3839717,-0.8145347,"OSM,HDX,healthsites",0.82,12083172108,Clinic,106.52445418200749
BAMVIM CLINIC,Clinic,9.363791,-0.8348829,OSM,0.53,1206243422,Clinic,108.80410468784815
BJ Medical Centre,Clinic,5.6306277,-0.2609306,"OSM,HDX,healthsites",0.81,6475165522,Clinic,66.50636720015935
Bagurugu Clinic,Clinic,9.8885631,-0.7234993,OSM,0.53,786252716,Clinic,51.45952294300813
Be im Chips Compound,Clinic,8.0019431,-1.4694021,"OSM,HDX,healthsites",0.81,7183821686,Clinic,105.18928454429557
Beijing Clinic,Clinic,5.5583734,-0.1801221,OSM,0.53,428712574,Clinic,77.10527020510693
Bezzaleel Diagnostic Clinic,Clinic,6.0926275,-0.2600396,"OSM,HDX,healthsites",0.81,6481544425,Clinic,23.93185196330391
Biriwa Polyclinic,Clinic,5.1620283,-1.161675,OSM,0.53,1299443149,Clinic,139.7342091283328
Bliss Eye Care,Clinic,10.0535844,-2.5010303,OSM,0.53,13594995877,Clinic,188.81078895889647
Bloom physiotherapy clinic,Clinic,5.5712999,-0.2365437,"OSM,HDX,healthsites",0.82,10285834393,Clinic,73.58255933171642
Bodaa chips compound,Clinic,7.7813696,-2.8200144,"OSM,HDX,healthsites",0.81,7247901585,Clinic,177.5952566829044
Bodada Health Centre,Clinic,7.3578678,0.4895361,"OSM,HDX,healthsites",0.81,8607515712,Clinic,73.75448518547604
Bogoso Clinic,Clinic,5.5695349,-2.0195425,"OSM,HDX,healthsites",0.81,4851957897,Clinic,85.07888364939451
Bomso Clinic,Clinic,6.6846225,-1.5789128,"OSM,HDX,healthsites",0.81,8916511637,Clinic,46.15388734535434
Bonakye CHPs Compound,Clinic,8.4005857,0.4033496,"OSM,HDX,healthsites",0.81,8645208858,Clinic,80.87399486135766
Bonna O- A Memorial Clinic,Clinic,6.0944242,-0.2557173,"OSM,HDX,healthsites",0.81,6319174597,Clinic,24.2462017419965
Boys Dormitory,Clinic,5.9689484,-0.9933071,OSM,0.63,631745892,Clinic,65.84870166056831
Brahabebome Clinic,Clinic,5.3100143,-1.9992819,"OSM,HDX,healthsites",0.81,5359420378,Clinic,110.39458354572805
Bramkurom CHPS Compound,Clinic,6.515554,-0.8907326,"OSM,HDX,healthsites",0.82,12572478069,Clinic,60.13271161352671
Breast Clinic,Clinic,6.6957176,-1.6291948,OSM,0.53,556149726,Clinic,47.95600086158336
Bright ALK Herbal Clinic,Clinic,5.5793247,-0.1444822,OSM,0.53,1373672359,Clinic,76.60630540677175
Bruben Health Centre,Clinic,6.8528062,-0.0194326,"OSM,HDX,healthsites",0.81,8504151675,Clinic,45.03133990567829
Buipe Health Center,Clinic,8.7837394,-1.4691558,"OSM,HDX,healthsites",0.81,7716420846,Clinic,187.71210527964922
Buoku polyclinic,Clinic,7.4832239,-2.1730852,OSM,0.53,675605827,Clinic,99.05761845595543
Busa Health Centre,Clinic,10.0205722,-2.3909158,"OSM,HDX",0.67,13436232262,Clinic,177.65189544547493
Bussie Health Centre,Clinic,10.490573,-2.5007604,"OSM,HDX",0.67,8734375220,Clinic,186.52034907909098
Busunu Health Centre,Clinic,9.1649194,-1.5095539,OSM,0.63,201536004,Clinic,151.97199232032708
Buterisa CHIPS Compound,Clinic,10.4813523,-1.2795267,"OSM,HDX,healthsites",0.81,11368862223,Clinic,54.20086143888708
Buya Health Centre,Clinic,8.3752549,-0.0509579,"OSM,HDX,healthsites",0.81,12009400038,Clinic,63.97176088222039
CCTU Clinic,Clinic,5.1536489,-1.2783217,"OSM,HDX,healthsites",0.81,8219542117,Clinic,148.17249735487943
CDC Hospital (Cosmas- Damien Clinic),Clinic,6.0882694,-0.260182,"OSM,HDX,healthsites",0.81,6274427264,Clinic,24.167190433129868
CHPS,Clinic,10.0688655,-0.8971085,"OSM,HDX,healthsites",0.81,4449818564,Clinic,32.42891819330693
CHPS Compound,Clinic,6.4507913,-2.9733155,"OSM,HDX,healthsites",0.81,12504469402,Clinic,61.71650406802995
CHPS Compound,Clinic,6.0105292,-0.0515671,OSM,0.63,736371694,Clinic,48.57783832043485
CHPS Gonum,Clinic,10.920852,-1.0050586,"OSM,HDX",0.67,13508530401,Clinic,67.1972680396894
Caiquo Hospital,Clinic,5.6529005,-0.0224658,"OSM,HDX,healthsites",0.81,4400510792,Clinic,76.79889098945489
Cathedral Clinic and Lab Limited,Clinic,5.5395208,-0.2077661,OSM,0.53,546664075,Clinic,77.94656857634526
Celestial Medicare Clinic,Clinic,5.6011106,-0.1205109,"OSM,HDX,healthsites",0.81,12025133499,Clinic,75.67389770994421
Central Kasoa Clinic - Annex,Clinic,5.4846975,-0.4201227,"OSM,HDX,healthsites",0.81,8004079890,Clinic,79.45338270655425
Champion Divine,Clinic,5.6427452,-0.2494993,"OSM,HDX,healthsites",0.81,4557928697,Clinic,65.6420010069583
Chansa CHPS,Clinic,10.5726862,-1.192668,"OSM,HDX,healthsites",0.81,1919300432,Clinic,49.38120520817822
Chiraa Health Center,Clinic,7.4034605,-2.1827318,"OSM,HDX,healthsites",0.81,6688623740,Clinic,96.1329597650515
Chirano health center,Clinic,6.272812,-2.3192901,"OSM,HDX,healthsites",0.81,5126056121,Clinic,20.859847079125064
Chiropractic & Wellness Centres,Clinic,5.613932,-0.2098381,"OSM,HDX,healthsites",0.81,1251736962,Clinic,70.17308787009108
Christian Medical Service Clinic,Clinic,5.5832145,-0.1050135,"OSM,HDX,healthsites",0.81,6727482684,Clinic,78.23390507967636
Christleads Medical Center,Clinic,5.6803825,-0.1762184,"OSM,HDX,healthsites",0.81,4712847592,Clinic,65.03829261943382
Classic Diagnostic & Medical Clinic,Clinic,5.7045526,-0.2017476,"OSM,HDX,healthsites",0.81,8718176396,Clinic,61.378382582611906
Clinic,Clinic,5.6835098,-1.4960854,"OSM,HDX,healthsites",0.81,9856076368,Clinic,122.54338927577439
Clinic,Clinic,5.4908372,-1.5329901,"OSM,HDX,healthsites",0.81,11809886728,Clinic,130.17667399344768
Clinic,Clinic,10.3842998,-2.3283965,OSM,0.53,487527494,Clinic,167.04917964162104
Clinic,Clinic,5.3385656,-0.624054,OSM,0.53,776096298,Clinic,97.56996910204278
Clinic,Clinic,8.4881281,-0.1807559,OSM,0.53,1476179356,Clinic,78.53509861916721
Club Road Clinic,Clinic,5.5444776,-0.2063852,"OSM,HDX,healthsites",0.81,6213041912,Clinic,77.48329150284592
Cocoa Clinic,Clinic,6.6839711,-1.6164051,"OSM,HDX,healthsites",0.82,4925292335,Clinic,48.2744115644841
Codia Clinic,Clinic,5.7545405,0.0469545,"OSM,HDX,healthsites",0.81,6173271978,Clinic,73.73932599255939
Community Health Centre,Clinic,5.6586054,-2.3353753,OSM,0.53,1359704315,Clinic,60.18949577999682
Cosmopolitan Health,Clinic,5.6445739,-0.1554561,"OSM,HDX,healthsites",0.81,10655651666,Clinic,69.61259152820824
Cross Care Clinic,Clinic,6.7913022,-2.5173483,OSM,0.53,627446418,Clinic,67.47968018292194
DIS Clinic,Clinic,5.1307488,-1.2756277,"OSM,HDX,healthsites",0.81,6508003152,Clinic,149.98150842652797
DOORMOSH,Clinic,5.9615088,-1.8845838,OSM,0.53,1360431872,Clinic,70.74504159605333
Daboase Clinic,Clinic,5.1338409,-1.6561212,OSM,0.53,789268996,Clinic,147.83948790134028
Danfa Clinic,Clinic,5.7894523,-0.1595359,"OSM,HDX,healthsites",0.81,9132743820,Clinic,55.639368793936725
Dansoman polyclinic,Clinic,5.5610799,-0.2600791,"OSM,HDX,healthsites",0.82,4443298689,Clinic,73.88696246731502
Dantano chips compound,Clinic,6.7228836,-2.4348178,"OSM,HDX,healthsites",0.81,7208020586,Clinic,60.067344349532384
Daprof Clinic,Clinic,5.5796794,-0.1969327,OSM,0.53,708086101,Clinic,74.22093716168288
Dar-bem Clinic,Clinic,5.683381,-0.0362583,"OSM,HDX,healthsites",0.81,4286172893,Clinic,73.20152982637588
Darpong Clinic,Clinic,5.6281043,-0.0887588,"OSM,HDX,healthsites",0.82,6615072325,Clinic,74.86094718377949
Dawiri CHPS Compound,Clinic,7.8268181,-2.682561,"OSM,HDX,healthsites",0.81,7248247385,Clinic,166.72027455930723
Dawurampong Health center,Clinic,5.6847182,-2.0255273,OSM,0.53,536397823,Clinic,74.87924075405556
Denyase CHPS Compound,Clinic,5.8540204,-1.801722,"OSM,HDX,healthsites",0.81,8103253117,Clinic,83.84160018667004
Diagnostic Centre,Clinic,5.6317096,-0.1742594,"OSM,HDX,healthsites",0.82,4789654972,Clinic,69.95600236597565
Diamed Diagnostical and Treatment Center,Clinic,5.6390968,-0.1774079,"OSM,HDX,healthsites",0.81,9083982209,Clinic,69.06850129493746
Divine Clinic,Clinic,10.3115232,-0.0932731,"OSM,HDX,healthsites",0.81,6546836546,Clinic,77.88805135413436
Doctors on Duty Clinic,Clinic,5.559874,-0.1586122,OSM,0.53,513108606,Clinic,77.89505330647516
Dohamm Clinic Limited,Clinic,4.9304764,-1.7802097,"OSM,HDX,healthsites",0.81,1378720189,Clinic,158.88252847710518
Dons Medical Services,Clinic,5.5824186,-0.1983361,"OSM,HDX,healthsites",0.93,6958422911,Clinic,73.88193754243085
Dr Asomani Clinic,Clinic,6.0822777,-0.2607538,"OSM,HDX,healthsites",0.81,6312196221,Clinic,24.467622499696542
Dr. Forkuo Herbal Clinic,Clinic,5.2858419,-1.9962102,"OSM,HDX,healthsites",0.81,9664405319,Clinic,112.90012925216986
Dr. Mensah,Clinic,6.69986,-1.6191897,"OSM,HDX,healthsites",0.92,5643500622,Clinic,46.96044974868976
Dr. Mensah Herbal Clinic & Shop,Clinic,5.6805873,-0.1731334,"OSM,HDX,healthsites",0.81,6772265390,Clinic,65.17593611013784
Dua Clinic,Clinic,5.5720758,-0.2025512,"OSM,HDX,healthsites",0.81,1368374851,Clinic,74.77545221482043
Dumso Bethel CHPS,Clinic,7.8937996,-1.6576387,"OSM,HDX,healthsites",0.81,7203314586,Clinic,97.56019684057831
Duusi CHPS Compound,Clinic,10.7792563,-0.6931646,"OSM,HDX,healthsites",0.92,5349015829,Clinic,49.31392118383349
EFAN VICTORY CLINIC,Clinic,5.5985371,-0.1988832,"OSM,HDX,healthsites",0.82,11168489914,Clinic,72.20693021076404
Eastwing Clinic,Clinic,5.7563962,-0.006262,"OSM,HDX,healthsites",0.81,6019717328,Clinic,69.34319482349737
Edith's Maternity Home,Clinic,5.7554668,-0.328976,"OSM,HDX,healthsites",0.81,6305336215,Clinic,51.132475664820134
Edward Attah Asare,Clinic,5.6136103,-0.240192,"OSM,HDX,healthsites",0.93,6279110346,Clinic,69.02357191289823
Efan Victory Clinic,Clinic,5.6243857,-0.0909543,"OSM,HDX,healthsites",0.81,6581207997,Clinic,75.08272395998407
Ekebaku Health Centre,Clinic,4.9832476,-2.5690692,"OSM,HDX,healthsites",0.91,7706543085,Clinic,132.89453716279843
Elubo Health Center,Clinic,5.2868169,-2.7713319,"OSM,HDX,healthsites",0.82,7321882985,Clinic,103.9674794702663
Emergency Unit,Clinic,5.3411207,-0.7516456,"OSM,HDX,healthsites",0.81,6360017285,Clinic,101.10606847232954
Emmanuel Eye Clinic,Clinic,5.6304406,-0.1744333,"OSM,HDX,healthsites",0.82,4780055840,Clinic,70.07443806429146
Enape Clinic,Clinic,7.6329432,-1.91397,"OSM,HDX,healthsites",0.82,7595212785,Clinic,86.58518781784244
Essaso CHPS compound,Clinic,5.7645167,-0.6977078,"OSM,HDX,healthsites",0.81,10569760809,Clinic,55.88824859463191
Essiama Community Health Centre,Clinic,4.9357441,-2.3552129,"OSM,HDX,healthsites",0.81,5239750195,Clinic,138.5593332488526
Ewim Health Clinic,Clinic,5.115015,-1.244858,"OSM,HDX,healthsites",0.82,11606205359,Clinic,149.31653902416917
Expert's Hand Clinic,Clinic,5.677701,-0.1795796,"OSM,HDX,healthsites",0.81,10606956953,Clinic,65.13229096674672
Eye Clinic,Clinic,10.0576027,-2.4978621,"OSM,HDX,healthsites",0.92,9913042560,Clinic,188.39165405238194
Faith Maternity Clinic,Clinic,7.5977703,0.5076105,"OSM,HDX,healthsites",0.81,8645225434,Clinic,61.50877808644778
Fakwasi,Clinic,7.7763431,-1.3342887,"OSM,HDX,healthsites",0.81,7190143185,Clinic,80.03057085942656
Florence Maternity Home,Clinic,7.3331404,-2.3221767,OSM,0.53,634010464,Clinic,107.94673150048231
Foresight Medical Center,Clinic,6.6169434,0.4635366,"OSM,HDX,healthsites",0.82,6549350138,Clinic,36.197231404784176
Forever Homeopathic Clinic,Clinic,5.8157087,-2.8256604,"OSM,HDX,healthsites",0.81,8034197712,Clinic,55.384688549459554
Frontier Clinic,Clinic,5.2894878,-2.7748077,"OSM,HDX,healthsites",0.82,7329667185,Clinic,103.80488204164813
Fuo Community Hospital,Clinic,9.4227462,-0.8074925,"OSM,HDX,healthsites",0.81,6657452997,Clinic,102.22990425627063
G.P.H.A Clinic Tema,Clinic,5.6326817,-0.0065233,"OSM,HDX,healthsites",0.81,4746491621,Clinic,79.64801526254136
GBC Clinic,Clinic,5.5755888,-0.1941216,"OSM,HDX,healthsites",0.81,6649973861,Clinic,74.75675105036657
GHS,Clinic,5.3833164,-0.9250126,"OSM,HDX,healthsites",0.92,4614565789,Clinic,104.9893063766569
GHS (Chips Zone),Clinic,5.3301088,-0.8334708,"OSM,HDX,healthsites",0.92,4614566089,Clinic,105.59987073150732
GMAD Clinic,Clinic,5.4808556,-0.5654202,OSM,0.53,1037981793,Clinic,80.9102388428878
Ga Health Center,Clinic,9.79787,-2.4957016,"OSM,HDX,healthsites",0.91,12566571409,Clinic,195.1808594186157
Gbalahi Health Centre,Clinic,9.439149,-0.7763003,OSM,0.53,1385193998,Clinic,100.45905029982931
Gbedembilisi CHPS,Clinic,10.327591,-1.2466083,"OSM,HDX,healthsites",0.81,1919300445,Clinic,48.57863015348431
Gemar Hospital,Clinic,4.8904665,-1.9548466,"OSM,HDX,healthsites",0.81,5649508154,Clinic,154.41085987985127
Geomond Eye Centre,Clinic,5.6175006,-0.0787279,"OSM,HDX,healthsites",0.81,9646636717,Clinic,76.44439500496378
George & Angelina,Clinic,6.7433264,-1.458069,"OSM,HDX,healthsites",0.81,4585620889,Clinic,35.33502045265952
Ghanuba Specialist Clinic,Clinic,5.5827927,-0.2068205,OSM,0.63,706230762,Clinic,73.49949040098039
Givers Scientic Herbal Clinic,Clinic,5.6078705,-0.1275719,"OSM,HDX,healthsites",0.81,7348800676,Clinic,74.64471528473528
Global Star HealthCenter,Clinic,5.6753628,-0.1818852,"OSM,HDX,healthsites",0.81,10286595293,Clinic,65.24800230417699
God Cares Community Hospital,Clinic,9.4039648,-0.9115151,"OSM,HDX,healthsites",0.81,6644165408,Clinic,104.97689819926967
Golden Jubilee Clinic,Clinic,5.6621735,-0.1728161,OSM,0.53,741871603,Clinic,67.0026086291654
Greenfield,Clinic,5.6188111,-0.0909657,"OSM,HDX,healthsites",0.81,6522171385,Clinic,75.60794803635555
Gyangyazie Community clinic,Clinic,5.3962889,-0.576581,"OSM,HDX,healthsites",0.92,7383450050,Clinic,90.33901482873416
Gyau CHPS Compound,Clinic,7.8572394,-2.3531534,"OSM,HDX,healthsites",0.81,7251249885,Clinic,138.89002595979426
HAPPY FAMILY CLINIC,Clinic,7.5590959,-1.7180471,OSM,0.53,1474782495,Clinic,66.80198252559572
HOPE Health Center,Clinic,6.5837947,0.457606,"OSM,HDX,healthsites",0.82,8202129317,Clinic,34.298111798317926
Habana Medical Service,Clinic,9.4586403,-0.8422097,"OSM,HDX,healthsites",0.81,6657453037,Clinic,98.35059732873944
Hangaline- Chps Facility,Clinic,9.0765569,-1.8169189,"OSM,HDX,healthsites",0.81,12480650501,Clinic,179.19800256465192
Hass West Africa Hearing Clinic,Clinic,5.5714423,-0.2360584,"OSM,HDX,healthsites",0.81,10285782792,Clinic,73.58459261214085
Have Community Clinic,Clinic,6.7575549,0.3607693,OSM,0.53,776189257,Clinic,36.95988432296995
Health Center Annex for CWC,Clinic,6.3218423,-0.5929536,OSM,0.53,585378088,Clinic,20.91232979739923
Health Plus Clinic,Clinic,5.2852074,-2.0004705,"OSM,HDX,healthsites",0.81,4217160878,Clinic,112.73655980715073
Healthlane Clinic,Clinic,7.3431512,-2.3274742,"OSM,HDX,healthsites",0.92,5308402797,Clinic,108.82610856964457
Healthnet Clinic,Clinic,5.5542568,-0.1718348,"OSM,HDX,healthsites",0.81,5321471509,Clinic,77.87960383530583
Hoggar Clinic Limited,Clinic,6.1296038,0.7957311,"OSM,HDX,healthsites",0.82,5591386722,Clinic,80.52705342078615
Holy Rosary Health Centre,Clinic,7.0526459,0.0323756,OSM,0.53,786553291,Clinic,64.02563457233859
Homeland Clinic,Clinic,10.0519176,-2.5390234,"OSM,HDX,healthsites",0.81,8957046942,Clinic,192.94468605439442
Hon Kofi Adjei Ntim Clinic,Clinic,7.53785,0.4638134,"OSM,HDX,healthsites",0.81,8645213645,Clinic,59.917550279589506
Honuta CHPs Compound,Clinic,6.846869,0.5186765,"OSM,HDX,healthsites",0.81,8575002761,Clinic,55.872092287196345
Huni- Valley Clinic,Clinic,5.4720102,-1.9132848,"OSM,HDX,healthsites",0.81,12805964384,Clinic,100.82890249359836
Inter-Star Eye Clinic,Clinic,5.6464588,-0.1550017,"OSM,HDX,healthsites",0.81,6349309785,Clinic,69.45116703730586
Isaac Opuni License Chemical,Clinic,5.751076,-0.1842713,"OSM,HDX,healthsites",0.93,7332012111,Clinic,57.7525838469809
JAG'S Clinic & Laboratory Services LTD,Clinic,9.0670837,-1.8083469,"OSM,HDX,healthsites",0.81,12484234904,Clinic,179.44217666813313
JUABO,Clinic,6.0933179,-2.2142397,OSM,0.53,1484184267,Clinic,31.480502037572922
James Town Usher Clinic,Clinic,5.5403333,-0.2129899,"OSM,HDX,healthsites",0.81,8953954351,Clinic,77.66776888087195
Janga CHPS Center,Clinic,10.0282819,-0.9752669,OSM,0.53,441240745,Clinic,39.962846418911965
Janga Polyclinic,Clinic,10.025006,-0.972556,OSM,0.53,441195258,Clinic,40.144956860600296
Jones Aid,Clinic,5.6631695,-2.3295463,OSM,0.53,1359702413,Clinic,59.886002573592336
Jumbo no 2 CHPs Compound,Clinic,8.507275,0.4364925,"OSM,HDX,healthsites",0.81,8645208857,Clinic,92.73539824621506
Justab Clinic,Clinic,5.5331968,-0.4290605,"OSM,HDX,healthsites",0.81,6938228121,Clinic,74.06193506650843
KMA Clinic,Clinic,6.6850947,-1.6229761,"OSM,HDX,healthsites",0.81,10695765979,Clinic,48.55766124657261
KNUST Students' Clinic,Clinic,6.6802285,-1.5733119,OSM,0.53,335955478,Clinic,46.304338105699856
Kakumdo CHPS Compound,Clinic,5.1426532,-1.2869616,"OSM,HDX,healthsites",0.81,10792493320,Clinic,149.72043836153452
Kama CHPS Compound,Clinic,6.2933476,-2.7147583,"OSM,HDX,healthsites",0.81,11262195308,Clinic,28.300742859857603
Kamgbunli Clinic,Clinic,4.9771869,-2.415183,"OSM,HDX,healthsites",0.81,5358519884,Clinic,133.45518960839763
Kandiga Atiyorum Health Facility,Clinic,10.8608087,-0.9791991,"OSM,HDX",0.67,13513933001,Clinic,59.997509495952265
Katanga CHPs Compound,Clinic,7.6585713,0.3332999,"OSM,HDX,healthsites",0.81,8620756500,Clinic,41.149795633584006
Kedjebi Health Centre,Clinic,7.5341706,0.4742815,"OSM,HDX,healthsites",0.81,8620753774,Clinic,61.126512897510715
Keri CHPS Compound,Clinic,8.386458,0.5276783,OSM,0.53,1204677863,Clinic,88.19762200989125
Keri CHPS Compound,Clinic,8.3863316,0.5275486,OSM,0.53,1204677864,Clinic,88.17766461877139
Klimovic Clinic,Clinic,5.3660913,-0.6373014,"OSM,HDX,healthsites",0.95,7314169485,Clinic,94.90704602512845
Klimovic Clinic,Clinic,5.3660993,-0.6373076,OSM,0.63,790553781,Clinic,94.90633674439319
Kofiase health clinic,Clinic,7.1412015,-1.4835945,OSM,0.53,1360465920,Clinic,14.469690926796918
Koforidua Clinic,Clinic,6.0884965,-0.2686479,"OSM,HDX,healthsites",0.81,6288620693,Clinic,23.360440165706585
Koforidua Poly Clinic,Clinic,6.0949489,-0.2579052,OSM,0.63,615824877,Clinic,24.00706345698838
Komenda Health Center,Clinic,5.0530526,-1.4929279,"OSM,healthsites",0.92,1482183693,Clinic,166.29440612965524
Kotoku Clinic,Clinic,5.7363698,-0.3594848,"OSM,HDX,healthsites",0.81,6266640142,Clinic,52.45586056480768
Kpasinkpe Health Centre,Clinic,10.4471711,-1.0469888,OSM,0.53,1245380529,Clinic,28.873451736218392
Kpassa Health Centre,Clinic,8.4959459,0.3139676,OSM,0.53,786252715,Clinic,85.15306807820504
Kpatia,Clinic,10.7619689,-0.749803,OSM,0.53,758884551,Clinic,46.27506628812241
Kpeve New Town Health Center,Clinic,6.6781445,0.3142734,"OSM,HDX,healthsites",0.81,6235565286,Clinic,26.862123459626247
Kpongka Health Centre,Clinic,7.7500442,0.4515143,"OSM,HDX,healthsites",0.81,8645215644,Clinic,51.45742110560215
Kpongu Health Center,Clinic,9.9928674,-2.5166887,"OSM,HDX",0.67,13531376437,Clinic,191.77681404466526
Kumfia Healthcare,Clinic,7.779132,-1.2251245,"OSM,HDX,healthsites",0.81,7189911885,Clinic,82.07142061065414
Kumfia Healthcare,Clinic,7.7794723,-1.2247689,"OSM,HDX,healthsites",0.81,7189965785,Clinic,82.11664218332032
Kunsu chip compound,Clinic,8.1468817,-1.512622,"OSM,HDX,healthsites",0.81,7200605487,Clinic,121.6222155986325
Kwabeng Health Center and Maternity,Clinic,6.3213666,-0.5931871,OSM,0.53,585378085,Clinic,20.899334849262875
Kwamikrom Health Centre,Clinic,7.2963697,0.3308271,"OSM,HDX,healthsites",0.81,8605895900,Clinic,67.19059734148452
Kwapraw CHP,Clinic,5.1235877,-1.2978729,"OSM,HDX,healthsites",0.93,7312927785,Clinic,152.1244465702402
La Medicare Ltd,Clinic,5.5577702,-0.1555304,"OSM,HDX,healthsites",0.81,6897763704,Clinic,78.2472169813996
Larabanga Health Clinic,Clinic,9.2138807,-1.8568477,"OSM,HDX,healthsites",0.81,7401843038,Clinic,170.4771506457578
Layfa Clinic,Clinic,5.5815693,-0.1973069,"OSM,HDX,healthsites",0.93,6975166245,Clinic,74.01151641220166
Life Health Care,Clinic,5.6385411,-0.2415966,"OSM,HDX,healthsites",0.81,7335482236,Clinic,66.37434495403167
Lifebridge Physio Clinic,Clinic,5.5568986,-0.1784063,"OSM,HDX,healthsites",0.81,4278047642,Clinic,77.32868732736237
Lifeview Medical Laboratory and Ultra Scan centre,Clinic,5.5916186,-0.2045513,"OSM,HDX,healthsites",0.93,7018299938,Clinic,72.68207697747148
Linfam Medical Centre,Clinic,4.9384975,-2.3514722,"OSM,HDX,healthsites",0.81,7742977686,Clinic,138.3000431352553
Loggu Clinic,Clinic,9.9027218,-2.3530188,OSM,0.53,1360879190,Clinic,176.78935439852594
Lucky Herbal Center,Clinic,5.1346126,-1.27704,"OSM,HDX,healthsites",0.82,6588780338,Clinic,149.73996245833553
MMA LUCIA'S CLINIC MATERNITY HOME (SISTER VIRGIN),Clinic,9.0675932,-1.8080444,"OSM,HDX,healthsites",0.81,12484241401,Clinic,179.3772720611572
MMA LUCIA'S CLINIC/ MATERNITY HOME ( SISTER VIRGIN),Clinic,9.0674564,-1.8080524,"OSM,HDX,healthsites",0.81,12484241301,Clinic,179.38976141449473
MMC Polyclinic,Clinic,5.6120216,-0.1938669,"OSM,HDX,healthsites",0.81,10891514522,Clinic,71.04590913822038
Maakro Clinic,Clinic,6.6988856,-1.7297992,"OSM,HDX,healthsites",0.81,12095446863,Clinic,54.72384953516258
Mac Hill Special Clinic,Clinic,6.6732582,-1.6311486,"OSM,HDX,healthsites",0.81,11289878440,Clinic,50.147398490331554
Madina Polyclinic,Clinic,5.6675801,-0.1652291,OSM,0.53,358871238,Clinic,66.85646136090827
Magazine Clinic,Clinic,6.6932749,-1.6357116,"OSM,HDX",0.67,13291520292,Clinic,48.58610817959649
Maldey Medical Centre,Clinic,5.6269273,-0.0183597,OSM,0.53,788512791,Clinic,79.36346777426503
Manchala chip co,Clinic,8.1697297,-1.8943225,"OSM,HDX,healthsites",0.81,7201326687,Clinic,135.51533049683073
Mansie Chips Compound,Clinic,7.9883297,-1.9282994,OSM,0.53,772687830,Clinic,119.39281116854701
Mansion chips compound,Clinic,7.1176474,-1.9861942,"OSM,HDX,healthsites",0.81,7257493786,Clinic,66.72804022919453
Marie Stopes,Clinic,5.5771803,-0.2137475,"OSM,HDX,healthsites",0.83,8112000302,Clinic,73.80774897311608
Maryland Clinic,Clinic,6.18275,-0.472341,"OSM,HDX,healthsites",0.81,7804758861,Clinic,3.6383527805334994
Massakrom CHPS,Clinic,6.9216504,-3.1660639,OSM,0.53,13626146115,Clinic,111.23255105620554
Medcare Plus Clinic,Clinic,5.7130107,-0.2057906,"OSM,HDX,healthsites",0.81,10246620499,Clinic,60.34140488036514
Medical & Dental Clini6,Clinic,5.6264187,-0.1537796,"OSM,HDX,healthsites",0.81,6882941356,Clinic,71.4828513300069
Medical & Dental Council Ghana,Clinic,5.5523517,-0.2112043,"OSM,HDX,healthsites",0.82,4429993095,Clinic,76.48257980841952
Medlab,Clinic,5.6015884,-0.1928943,"OSM,HDX,healthsites",0.82,1827548153,Clinic,72.1500180436315
Medline,Clinic,5.6453133,-0.2475544,"OSM,HDX,healthsites",0.81,7526173959,Clinic,65.44621198674204
Mikado Herbal Clinic,Clinic,5.5483425,-0.4051596,"OSM,HDX",0.67,10775480368,Clinic,72.5053038684105
Mini Clinic,Clinic,5.6674754,-0.1856644,"OSM,HDX,healthsites",0.81,7187310367,Clinic,65.84440927234265
Mmaa Baasa CHPS Compound,Clinic,5.6520981,-1.5721956,"OSM,HDX,healthsites",0.92,10242436394,Clinic,116.78549618480201
Moore Health Centre,Clinic,5.1364522,-1.1991666,"OSM,HDX,healthsites",0.81,8032639993,Clinic,144.43161214130149
Moree Health Centre,Clinic,5.1415989,-1.1937171,"OSM,HDX,healthsites",0.81,8770201743,Clinic,143.61823452745352
Mw,Clinic,7.2206418,-2.6417699,"OSM,HDX,healthsites",0.81,7214156287,Clinic,116.17147089998495
Naboro Health Centre,Clinic,10.9323625,-0.9784818,"OSM,HDX",0.67,13506840901,Clinic,67.51964537025543
Nachanta CHPS Compound,Clinic,10.0090085,-2.5555843,OSM,0.63,441141152,Clinic,195.59736172513567
Nakite CHPS,Clinic,6.6257935,-2.7639025,OSM,0.53,688170091,Clinic,58.000951468827736
Namaata Adam Clinic,Clinic,5.6727113,-0.1461336,"OSM,HDX,healthsites",0.81,11257481222,Clinic,67.37188616983933
Namolgo Clinic,Clinic,10.7373492,-0.7213148,"OSM,HDX,healthsites",0.81,7086685099,Clinic,44.10417488850835
Namoo Clinic,Clinic,10.9686297,-0.8477577,OSM,0.53,435648923,Clinic,68.93016860652655
Narkwa Polyclinic,Clinic,5.2076954,-0.9392389,"OSM,HDX",0.77,12705442346,Clinic,122.84106415914465
Narkwa polyclnic,Clinic,5.2075364,-0.9394521,OSM,0.63,1372132320,Clinic,122.86731717137967
Nat Herbal Clinic,Clinic,6.6342427,-0.7403711,"OSM,HDX,healthsites",0.92,4534020092,Clinic,57.763140201360116
Nature Health Care Center,Clinic,5.3144182,-1.9905213,"OSM,HDX,healthsites",0.81,5501856321,Clinic,110.44681830534839
New Cross Clinic and Medical,Clinic,5.5823822,-0.1992897,"OSM,HDX,healthsites",0.93,6958422969,Clinic,73.84651305908662
New Crystal Hospital,Clinic,5.6902728,-0.0343304,"OSM,HDX,healthsites",0.81,4286159096,Clinic,72.7386145331743
New Life Homeopathic Clinic,Clinic,5.5552272,-0.2670428,OSM,0.53,1461318436,Clinic,74.29912284096959
Newlands Medical Centre,Clinic,6.0824943,-0.2753886,"OSM,HDX,healthsites",0.82,5776863853,Clinic,23.111746278644233
Ngyiresi CHPS Compound,Clinic,5.3511022,-0.8436953,"OSM,HDX,healthsites",0.81,4333788620,Clinic,103.95695517106466
Nima Goverment Clinic,Clinic,5.5775704,-0.200014,OSM,0.53,381731531,Clinic,74.31165177325265
Nkaseim CHPS Compound,Clinic,6.85962,-2.451372,OSM,0.53,788341975,Clinic,75.02657824244662
Nkwaeso Health Center,Clinic,7.5504484,-1.9899652,"OSM,HDX,healthsites",0.81,6698245380,Clinic,86.3908799333113
Nkwaeso Health Center,Clinic,7.6304082,-1.86511,"OSM,HDX,healthsites",0.81,6716171063,Clinic,82.8297370663888
Nkwankwaa Health Centre,Clinic,7.2179158,-1.79409,"OSM,HDX,healthsites",0.92,10035040421,Clinic,48.61779328994353
Nkyenkyemam CHPS Compound,Clinic,7.4817648,-2.7851598,"OSM,HDX,healthsites",0.81,7247675185,Clinic,147.53265136834256
Nogokpo CHPS Compound,Clinic,6.0922432,1.0746767,"OSM,HDX,healthsites",0.81,9966511742,Clinic,110.03758160602798
Nsowakrom CHPS Compound,Clinic,6.7743332,-3.1318173,OSM,0.53,675016361,Clinic,97.04496956798569
Nsuakyire Community Clinic,Clinic,5.3692264,-0.5845995,"OSM,HDX,healthsites",0.92,7383192362,Clinic,93.43607593221155
Nsuta Polyclinic,Clinic,7.0083969,-1.3816722,"OSM,HDX,healthsites",0.91,8282194277,Clinic,5.116094747355606
Nurse's quarters,Clinic,9.2139947,-1.8563603,"OSM,HDX,healthsites",0.81,5551059075,Clinic,170.4316227265729
Nwawasua Chips compound,Clinic,7.2923522,-2.4031177,"OSM,HDX,healthsites",0.81,7244407587,Clinic,115.43669864199504
Nyariga Clinic,Clinic,10.8476332,-0.8823355,OSM,0.53,732030337,Clinic,56.04396177619994
Nyimbali CHPS,Clinic,10.1636732,-2.6072024,OSM,0.53,1272567762,Clinic,198.63781550968412
Oak Tree Medical Services,Clinic,5.115063,-1.2748188,"OSM,HDX,healthsites",0.81,5588701518,Clinic,151.30256009660172
Obanda CHPS Compound,Clinic,7.9431833,0.5106067,"OSM,HDX,healthsites",0.81,8645168477,Clinic,59.87695412036436
Oblogo Health Centre,Clinic,5.5581729,-0.3064533,OSM,0.53,625801430,Clinic,72.93624704104528
Odorna Medical Center,Clinic,5.5590844,-0.2156089,"OSM,HDX,healthsites",0.82,1405374124,Clinic,75.6167392732733
Odumkyere Darmang Health Centre,Clinic,5.8688274,-0.5422364,OSM,0.63,1444838898,Clinic,38.42208769969304
Okanta Clinic,Clinic,5.6868756,-0.0399833,"OSM,HDX,healthsites",0.81,4286173989,Clinic,72.6425544565049
Okra Kwadwo Health Centre,Clinic,6.1089919,-0.1057473,OSM,0.63,1361738583,Clinic,39.08091743546081
Oman Clinic,Clinic,6.0978372,-0.2608407,"OSM,HDX,healthsites",0.81,6257562446,Clinic,23.56670066984648
Omari Medical Centre,Clinic,5.7722671,-0.0050862,"OSM,HDX,healthsites",0.82,6095208031,Clinic,68.19783460321094
Opmann Clinic,Clinic,5.6081001,-0.2420194,"OSM,HDX,healthsites",0.81,5199759903,Clinic,69.53294517756248
Opoku Clinic,Clinic,7.3438349,-2.3286517,"OSM,HDX,healthsites",0.81,5308402796,Clinic,108.97254951588636
Our Lady Of Fatima Clinic,Clinic,5.0224287,-2.7268847,OSM,0.53,469045230,Clinic,131.01269471085467
Our Lady of Faith Clinic,Clinic,4.9278743,-1.7689029,"OSM,HDX,healthsites",0.81,6319495675,Clinic,159.75137166239824
PPAG Cape Coast Clinic,Clinic,5.1357195,-1.2769047,"OSM,HDX,healthsites",0.81,12072122443,Clinic,149.63415878221116
PPAG Suame Clinic,Clinic,6.7179979,-1.6369393,OSM,0.53,642767102,Clinic,46.44486416838686
Pafo Nkwanta CHPS Compound,Clinic,6.5106386,-2.4339787,"OSM,HDX,healthsites",0.81,7208234895,Clinic,36.77078621901835
Patbrenda Clinic & Laboratory,Clinic,6.1070286,-0.2476782,"OSM,HDX,healthsites",0.81,6388042484,Clinic,24.387307829894713
Peace Be Clinic,Clinic,5.6846467,-0.1451753,OSM,0.53,1339925672,Clinic,66.27999090123383
Penbrose Clinic,Clinic,5.6482781,-0.2283482,"OSM,HDX,healthsites",0.81,7693042673,Clinic,65.88604519633515
Pentecost Clinic,Clinic,8.4934042,0.3041947,"OSM,HDX,healthsites",0.83,7317116285,Clinic,84.44764331528188
Peposo CHPS,Clinic,5.3309311,-2.1456792,"OSM,HDX,healthsites",0.81,5656310164,Clinic,101.32200860685955
Poase Cement Health Centre,Clinic,7.6507641,0.5198688,"OSM,HDX,healthsites",0.81,8635722275,Clinic,60.9473808913428
Police Clinic,Clinic,5.59368458292931,-0.178396612876213,healthsites,0.55,3272638988,Clinic,73.58831712361558
Polyclinic,Clinic,5.6128857,-0.0889658,"OSM,HDX,healthsites",0.81,5705985321,Clinic,76.28301619959969
Pong-Tamale CHPS Clinic,Clinic,9.6806869,-0.8300194,"OSM,HDX,healthsites",0.81,2521014504,Clinic,73.75679835171292
Ponyentanga Clinic,Clinic,9.8659241,-2.4637125,OSM,0.53,786552200,Clinic,189.58487672679288
Port Medical Centre,Clinic,5.6426385,0.0014169,"OSM,HDX,healthsites",0.81,5868518756,Clinic,79.32555460273804
Presby Clinic,Clinic,10.8067191,-0.8558678,OSM,0.53,731987365,Clinic,51.17225993882533
Presbyterian Health Service Enchi,Clinic,5.808526,-2.8342435,"OSM,HDX,healthsites",0.81,8172267752,Clinic,56.614060869227295
Prestea CHPS,Clinic,5.4378607,-2.1439981,"OSM,HDX,healthsites",0.81,5656359424,Clinic,90.52037055041855
Pro-Life Medical Center,Clinic,5.5851472,-0.1312636,"OSM,HDX,healthsites",0.81,6577751037,Clinic,76.68185957179352
Prolife Chinese Acupuncture Clinic,Clinic,5.6601658,-0.1517444,"OSM,HDX,healthsites",0.81,5210337471,Clinic,68.28356713384922
Providence Health Center,Clinic,6.7984821,-2.5146358,OSM,0.53,745357423,Clinic,68.2572545852725
Providence Medical Centre,Clinic,6.0784731,-0.2713897,"OSM,HDX,healthsites",0.81,5776863753,Clinic,23.72990502702033
Pusupu Health Centre,Clinic,8.0520364,0.4905789,"OSM,HDX,healthsites",0.81,8635741605,Clinic,62.1752750026934
Quality Care,Clinic,5.6377095,-0.1619128,"OSM,HDX,healthsites",0.81,5726303123,Clinic,69.96201783804577
Quantum Medical Centre and Eye Clinic,Clinic,5.5674737,-0.2573862,"OSM,HDX,healthsites",0.83,6261963935,Clinic,73.29271539824674
Queensville West Medical Diagnostic,Clinic,4.9387659,-2.3513415,"OSM,HDX,healthsites",0.81,7742977685,Clinic,138.2720759008854
Rabbito Clinic,Clinic,4.8976961,-1.7639354,"OSM,HDX,healthsites",0.81,3783842540,Clinic,162.92690438691392
Rabito Clinic,Clinic,10.0742319,-2.5097067,"OSM,HDX,healthsites",0.81,8667760640,Clinic,189.36422344552003
Rabito Clinic,Clinic,6.092113,-0.2595764,OSM,0.53,615856823,Clinic,24.004952545800617
Rabito Clinic,Clinic,5.5656513,-0.1800662,OSM,0.53,882483445,Clinic,76.36446239814343
Ramona Clinic,Clinic,5.5609961,-0.1824485,"OSM,HDX,healthsites",0.81,2644149766,Clinic,76.73888595170546
Rehabilitation Center,Clinic,5.7195382,-0.1871673,OSM,0.53,1424844495,Clinic,60.64193066673775
Reproductive Health Centre,Clinic,6.1008684,1.1481731,OSM,0.53,360070122,Clinic,117.18904155466704
Richard Fowler Catholic Clinic,Clinic,6.4679724,-1.4723001,OSM,0.53,1084319418,Clinic,65.56983755072716
Rinat Clinic,Clinic,5.6518739,-0.1312267,"OSM,HDX,healthsites",0.82,5210311621,Clinic,70.19144913991617
Roman Trust Clinic,Clinic,5.5049824,-0.4570707,"OSM,HDX,healthsites",0.81,8007051526,Clinic,77.16707790103324
Royal Medical Agency Clinic,Clinic,6.6991235,-1.6131289,"OSM,HDX,healthsites",0.81,10695797026,Clinic,46.66397174317328
Royal Star Clinic and Diagnostic Center,Clinic,5.5904306,-0.2038729,"OSM,HDX,healthsites",0.93,6970189706,Clinic,72.83189463783737
SIC Bob Freeman Clinic,Clinic,5.5543241,-0.208527,"OSM,HDX,healthsites",0.81,5150562248,Clinic,76.37915147042469
Safeline Medical Laboratory,Clinic,6.0939689,-0.2588954,"OSM,HDX,healthsites",0.81,6428842015,Clinic,23.966186486861744
Sahara Herbal clinic,Clinic,5.2569192,-1.0219939,"OSM,HDX,healthsites",0.81,13190921823,Clinic,122.50154760450793
Salgyin Medical Center,Clinic,5.1395712,-1.2818985,"OSM,HDX,healthsites",0.81,6511801866,Clinic,149.63994837298904
Saltpond district Hospital,Clinic,5.2045994,-1.056271,OSM,0.63,1392396016,Clinic,129.4197317728904
Samsam Community Clinic,Clinic,5.7775789,-0.3002303,"OSM,HDX,healthsites",0.81,6325471516,Clinic,49.71283355448688
Sanford Internal Clinic,Clinic,5.3390201,-0.9139165,"OSM,HDX,healthsites",0.81,4615061889,Clinic,108.65468461200591
Sanford clinic,Clinic,5.1131333,-1.2412593,"OSM,HDX,healthsites",0.81,6573955391,Clinic,149.24868626613247
Sankpala Health Center,Clinic,9.2645308,-1.004649,OSM,0.53,544628502,Clinic,121.74464699359682
Save the Nation's Sight Clinic,Clinic,5.6584216,-0.155802,"OSM,HDX,healthsites",0.81,7127853157,Clinic,68.2402756765939
Saviefe Agorkpo R.C.H Clinic,Clinic,6.7804754,0.4118171,"OSM,HDX,healthsites",0.81,8583271258,Clinic,42.45773567273762
School Clinic,Clinic,6.6616938,-1.6441001,OSM,0.53,617589049,Clinic,52.000369414048215
School Clinic,Clinic,5.9697837,-0.9931264,OSM,0.53,631749687,Clinic,65.79404483259277
School Infirmary,Clinic,5.1167955,-1.2500586,"OSM,HDX,healthsites",0.81,11605780348,Clinic,149.5003474903892
Sefwi Bekwai Clinic,Clinic,6.1875299,-2.3258881,OSM,0.63,803159886,Clinic,17.565158868732393
Shalina,Clinic,5.5660003,-0.2103476,"OSM,HDX,healthsites",0.81,7810005711,Clinic,75.09789399292636
Sheif Deen Herbal Clinic,Clinic,9.3906889,-0.8163696,"OSM,HDX,healthsites",0.81,12081227544,Clinic,105.7840484294541
Shia Health Centre,Clinic,6.7944594,0.5618647,"OSM,HDX,healthsites",0.81,8564379322,Clinic,55.63294062631745
Sibi Central CHPS Compound,Clinic,8.6114246,0.2313459,"OSM,HDX,healthsites",0.84,7317139586,Clinic,93.87830067008794
Sick Bay,Clinic,6.6928951,-1.6088423,OSM,0.53,575704125,Clinic,46.99505546638021
Sick Bay,Clinic,4.8990928,-1.7494607,OSM,0.53,625678456,Clinic,163.58477419905685
Sina Zuwina Herbal Center,Clinic,5.5814972,-0.201922,"OSM,HDX,healthsites",0.83,6984618077,Clinic,73.83014903344898
Site Clinic,Clinic,5.9579531,-1.9327129,OSM,0.53,550147477,Clinic,65.91627276846786
Solace Hospital,Clinic,5.6784823,-0.0281321,"OSM,HDX,healthsites",0.81,4400481802,Clinic,74.18551089608518
Sonotech Medical Center,Clinic,5.5452872,-0.3447896,"OSM,HDX,healthsites",0.82,10253328347,Clinic,73.56283094190097
St Florence Clinic,Clinic,5.6882259,-0.0327441,"OSM,HDX,healthsites",0.81,4286172896,Clinic,73.02513086738827
St Francis Clinic,Clinic,6.7784318,0.4181632,"OSM,HDX,healthsites",0.81,8583240316,Clinic,42.74698090780873
St Moses Clinic,Clinic,5.6886522,-0.2858896,"OSM,HDX,healthsites",0.81,6352738040,Clinic,59.55339058132085
St. Edward's Clinic,Clinic,6.6897916,-1.6101034,"OSM,HDX,healthsites",0.82,5746781474,Clinic,47.360404362565674
"St. George Polyclinic, Liate",Clinic,6.9854656,0.4895817,"OSM,HDX,healthsites",0.81,8952061280,Clinic,65.78838316836143
St. Joseph's Hospital,Clinic,10.533558,-2.6997333,"OSM,HDX,healthsites",0.81,5077394121,Clinic,208.6384072036754
St. Lucy Eye Clinic,Clinic,5.6345944,-0.0637832,"OSM,HDX,healthsites",0.82,9825285017,Clinic,75.76287519009087
St. Mary’s Eye Clinic,Clinic,7.586238,-2.7854284,"OSM,HDX,healthsites",0.92,5732276423,Clinic,158.8165111545663
St.florence maternal clinic,Clinic,5.6060038,-1.5500687,"OSM,HDX,healthsites",0.81,10601348314,Clinic,121.50774264085007
Staff Clinic,Clinic,6.6753287,-1.5659712,"OSM,HDX,healthsites",0.92,11191505027,Clinic,46.43512075714083
Students Clinic,Clinic,5.1169225,-1.2912532,"OSM,HDX,healthsites",0.93,7317215185,Clinic,152.25165068319924
THOMAS AND THOMAS,Clinic,7.3023932,-2.2951265,OSM,0.53,1169395213,Clinic,104.1437605142506
TMA Maternity and Children's Clinic,Clinic,5.6477156,-0.0026608,"OSM,HDX,healthsites",0.82,6292744802,Clinic,78.60493525153915
Takoradi High Street Clinic,Clinic,4.8834422,-1.7515749,OSM,0.53,448577659,Clinic,164.97303159581736
Tanina CHPS,Clinic,9.9020216,-2.4596849,"OSM,HDX,healthsites",0.92,12607107054,Clinic,188.06742431889495
Tanyigbe CHPS Compound,Clinic,6.695584,0.5214396,"OSM,HDX,healthsites",0.92,8564403659,Clinic,45.82707467289121
Tebrebe Clinic,Clinic,5.2727196,-2.0358216,"OSM,HDX,healthsites",0.81,3842054527,Clinic,112.16443513040142
The Oak Street Clinic,Clinic,5.5906987,-0.0992568,"OSM,HDX,healthsites",0.82,6977988712,Clinic,77.8227926529714
The Oak Street Clinic & Laboratory,Clinic,5.5908627,-0.0992313,"OSM,HDX,healthsites",0.81,6930474723,Clinic,77.80841278231463
Tiadene chips compound,Clinic,7.6708923,-2.4085644,"OSM,HDX,healthsites",0.81,7251099585,Clinic,131.92969558852494
Tiawiah CHPS Compound,Clinic,6.4138806,-0.8676785,"OSM,HDX,healthsites",0.91,10274401265,Clinic,52.15721205982042
Tobal Clinic,Clinic,9.4488207,0.4769018,OSM,0.63,452868834,Clinic,172.01291220010745
Tong Community-based Health Planning Services (CHPS),Clinic,9.9415062,-0.4789688,OSM,0.53,441221586,Clinic,57.24099398677458
Tong Community-based Health Planning Services (CHPS),Clinic,9.9415241,-0.4790423,OSM,0.53,1411680861,Clinic,57.234437533649114
Top Herbal Clinic,Clinic,5.6828351,-0.1935029,"OSM,HDX,healthsites",0.81,7767669321,Clinic,63.937136736655916
Topview Diagnostic Center,Clinic,6.0061958,0.6158548,"OSM,HDX,healthsites",0.81,3807057244,Clinic,73.22415257651284
Torgorne Health Centre,Clinic,6.1170569,0.13749,"OSM,HDX,healthsites",0.81,11265230176,Clinic,41.170138659833704
Trust Clinic Dome,Clinic,5.646857,-0.244899,OSM,0.53,13588365902,Clinic,65.38509589079631
Twifo Praso Polyclinic,Clinic,5.6107566,-1.5489556,"OSM,HDX,healthsites",0.92,10241851457,Clinic,121.33789320815156
Twin City Clinic,Clinic,4.8882312,-1.7536723,OSM,0.53,655985218,Clinic,164.39751778034557
UMaT Clinic,Clinic,5.2991043,-2.0005696,"OSM,HDX,healthsites",0.81,3372168837,Clinic,111.38150305501833
Unity Medical Center,Clinic,5.6777476,-0.1755571,"OSM,HDX,healthsites",0.81,10608398377,Clinic,65.33079452306511
University Clinic,Clinic,5.3693302,-0.629966,"OSM,HDX,healthsites",0.93,7314160685,Clinic,94.37938640378448
University Health Clinic,Clinic,9.3907167,-0.8171514,"OSM,HDX,healthsites",0.82,12081179253,Clinic,105.78215291506287
Unnamed Clinic,Clinic,5.138849,-1.6632347,"OSM,HDX,healthsites",0.61,3780928018,Clinic,146.9161576519208
Unnamed Clinic,Clinic,7.3134112,-1.5788915,"OSM,HDX,healthsites",0.61,4224179935,Clinic,35.72305446724472
Unnamed Clinic,Clinic,5.3065028,-1.9913305,"OSM,HDX,healthsites",0.61,5364799592,Clinic,111.1641346701692
Unnamed Clinic,Clinic,5.5690457,-0.1475528,"OSM,HDX,healthsites",0.61,6470857985,Clinic,77.48518027885571
Unnamed Clinic,Clinic,7.39112,-1.9331348,"OSM,HDX,healthsites",0.61,6535918726,Clinic,71.02060730762331
Unnamed Clinic,Clinic,9.2067678,0.020876,"OSM,HDX,healthsites",0.61,6548982331,Clinic,155.1949810591991
Unnamed Clinic,Clinic,9.8084411,-0.1146342,"OSM,HDX,healthsites",0.61,6548990400,Clinic,96.17694623003041
Unnamed Clinic,Clinic,9.4218691,-0.8687112,"OSM,HDX,healthsites",0.61,6628636244,Clinic,102.5756245770551
Unnamed Clinic,Clinic,5.5541261,-0.2085015,"OSM,HDX,healthsites",0.61,6989588759,Clinic,76.40068099056553
Unnamed Clinic,Clinic,6.5297009,-2.4162856,"OSM,HDX,healthsites",0.61,7208247185,Clinic,39.185187899250266
Unnamed Clinic,Clinic,5.6720409,-0.2043342,"OSM,HDX,healthsites",0.61,7634510373,Clinic,64.50558971543772
Unnamed Clinic,Clinic,5.6207118,-0.2255232,"OSM,HDX,healthsites",0.61,7695271196,Clinic,68.84248305165532
Unnamed Clinic,Clinic,6.5527816,0.6581066,"OSM,HDX,healthsites",0.61,8201474520,Clinic,55.27516681541028
Unnamed Clinic,Clinic,5.6153356,-2.7332271,"OSM,HDX,healthsites",0.61,8246333074,Clinic,68.45076515283655
Unnamed Clinic,Clinic,5.8341252,-2.665354,"OSM,HDX,healthsites",0.61,8370087740,Clinic,43.36896811295549
Unnamed Clinic,Clinic,7.069111,-2.3239594,"OSM,HDX,healthsites",0.61,9696571922,Clinic,99.69805831705335
Unnamed Clinic,Clinic,5.8275088,-2.8205674,"OSM,HDX,healthsites",0.61,10127308867,Clinic,54.04759750048689
Unnamed Clinic,Clinic,5.7353389,-0.2032038,"OSM,HDX,healthsites",0.62,10536249381,Clinic,58.26712174262606
Unnamed Clinic,Clinic,5.5467418,-1.5469131,"OSM,HDX,healthsites",0.61,10584107017,Clinic,125.36152198087802
Unnamed Clinic,Clinic,5.6933633,-2.653375,"OSM,HDX,healthsites",0.61,10913198187,Clinic,57.18028742975748
Unnamed Clinic,Clinic,7.9719256,-2.6189741,OSM,0.33,441138294,Clinic,169.7871170798794
Unnamed Clinic,Clinic,6.6843334,-1.5793195,OSM,0.33,570463174,Clinic,46.20305211912792
Unnamed Clinic,Clinic,6.6845663,-1.5793378,OSM,0.33,571401152,Clinic,46.18116901811811
Unnamed Clinic,Clinic,6.0695138,-0.2628492,OSM,0.33,713476684,Clinic,25.0757672499333
Unnamed Clinic,Clinic,9.3196186,-0.901603,OSM,0.33,737904671,Clinic,114.14366843500072
Unnamed Clinic,Clinic,11.0469569,-0.2668807,OSM,0.33,888287292,Clinic,97.16324311578153
Unnamed Clinic,Clinic,10.044842,-2.486041,OSM,0.33,935583091,Clinic,187.36558352897887
Unnamed Clinic,Clinic,5.3459924,-0.6159612,OSM,0.33,1144239937,Clinic,96.58723264980694
Unnamed Clinic,Clinic,6.740329,0.3913848,OSM,0.33,1213922774,Clinic,37.632894527202005
Unnamed Clinic,Clinic,6.6413723,0.2977219,OSM,0.33,1305248799,Clinic,22.571154805190822
Unnamed Clinic,Clinic,5.7058599,-2.3262319,OSM,0.33,1360188803,Clinic,55.494101759198806
Unnamed Clinic,Clinic,9.9019834,-2.4597359,OSM,0.33,1361718034,Clinic,188.07393500305562
Unnamed Clinic,Clinic,6.0974142,-0.0182517,OSM,0.33,1370322361,Clinic,47.65003570491536
Urban Medical Research Center,Clinic,5.6812542,-0.195842,"OSM,HDX,healthsites",0.81,5728895262,Clinic,63.98175621387353
Uwasa CHPS,Clinic,10.480188,-1.2284805,"OSM,HDX,healthsites",0.82,1919300483,Clinic,48.81072340917952
Vakpo Health Center,Clinic,6.856681,0.2821167,OSM,0.53,776757651,Clinic,42.81111741178817
Valley View Clinic,Clinic,5.6151555,-0.1982836,"OSM,HDX,healthsites",0.81,10891502542,Clinic,70.5355973211641
Van J Eye Care,Clinic,5.6126394,-0.1982344,"OSM,HDX,healthsites",0.94,10891515059,Clinic,70.79412127427815
Vane Health Centre,Clinic,6.8251661,0.4194629,"OSM,HDX,healthsites",0.81,8583156172,Clinic,46.834966724897996
Victory Martenity/Clinic,Clinic,6.6880015,-1.5758561,"OSM,HDX,healthsites",0.81,11398273965,Clinic,45.66636728922389
Village of Hope Clinic,Clinic,5.4310649,-0.4764993,"OSM,HDX,healthsites",0.81,8005716873,Clinic,85.39775991238052
Vision Clinic,Clinic,5.5820843,-0.2012944,"OSM,HDX,healthsites",0.93,6960812174,Clinic,73.79524964397316
WARA Clinic Takoradi,Clinic,4.8849412,-1.7608499,OSM,0.53,642644539,Clinic,164.3248184807249
Wassa Akropong Government Hospital,Clinic,5.7815423,-2.0838859,"OSM,HDX,healthsites",0.81,4502539492,Clinic,62.67796874211023
Wenchiki Clinic,Clinic,10.273154,0.207796,OSM,0.53,1426912078,Clinic,111.07180666025494
Wesley Methodist Clinic,Clinic,6.7310792,-1.6136463,OSM,0.53,715833812,Clinic,43.7615801704366
Wiesi CHPS,Clinic,10.3687564,-1.3360766,"OSM,HDX,healthsites",0.81,1919300503,Clinic,58.375951244678895
Yonkofa Health Center,Clinic,5.7764802,-2.661228,"OSM,HDX,healthsites",0.81,8118538710,Clinic,48.92783691774744
Zaclex Maternity Home,Clinic,5.5285761,-0.2638759,OSM,0.53,192082879,Clinic,77.23438518777769
Zak-med Clinic,Clinic,5.5832245,-0.2077552,"OSM,HDX,healthsites",0.93,7015538712,Clinic,73.41766409053679
Zonno Chps,Clinic,10.782864,-0.7817848,"OSM,HDX,healthsites",0.81,6916520654,Clinic,48.27016440423984
Zuarungu Health Centre,Clinic,10.7914907,-0.7938927,OSM,0.53,700487786,Clinic,49.17709064941255
kofiase health clinic,Clinic,7.1412636,-1.4834676,"OSM,HDX,healthsites",0.81,12594185927,Clinic,14.463749432392861
st joseph's clinic an maternity home,Clinic,6.6519796,-0.6662393,"OSM,HDX,healthsites",0.83,7315515986,Clinic,55.327368927419805
Acacia Medical Centre,Doctor,5.6336142,-0.1575854,"OSM,HDX,healthsites",0.81,4185262041,Other,70.58247180373051
Accra Physiotherapy & Sports Injury Clinic,Doctor,5.6133632,-0.2153329,"OSM,HDX,healthsites",0.81,3720696845,Other,70.00698874590118
Aesthetic Edge Dental Clinic,Doctor,6.709795,-1.5255941,"OSM,HDX,healthsites",0.81,11400059467,Other,41.14549050775161
Airport Womens Hospital,Doctor,5.6176593,-0.1788767,"OSM,HDX,healthsites",0.83,2826655019,Other,71.1475061951206
Akcess Dental,Doctor,5.6698243,-0.1826317,"OSM,HDX,healthsites",0.81,10603809047,Other,65.7593227612935
Annat Medical Diagnostics Centre,Doctor,5.8014438,-0.4914678,"OSM,HDX,healthsites",0.81,4891945821,Other,44.65561421589496
Beaver Clinic,Doctor,5.6057008,-0.1789155,"OSM,HDX,healthsites",0.83,1700719794,Other,72.35050754020172
Beaver Clinic Limited,Doctor,4.8838034,-1.766589,"OSM,HDX,healthsites",0.81,4455802855,Other,164.12555070380776
Bethel Dental Clinic,Doctor,5.6168026,-0.192542,"OSM,HDX,healthsites",0.81,1700719799,Other,70.61829092801374
Better Hearing Clinic Ltd.,Doctor,5.5940423,-0.2426638,"OSM,HDX,healthsites",0.81,3123797169,Other,70.98224638584423
CITA Geakrh,Doctor,5.6664108,-0.1962211,"OSM,HDX,healthsites",0.81,6715223673,Other,65.4474046855813
COY Paediatric,Doctor,5.6483736,-0.0282147,"OSM,HDX,healthsites",0.81,4400503922,Other,76.81069428325998
Christian Medical Centre & Laboratory,Doctor,5.6064835,-0.0778071,"OSM,HDX,healthsites",0.81,4830568666,Other,77.53230187946455
Citadel Clinic,Doctor,5.6041598,-0.218911,"OSM,HDX,healthsites",0.81,3731302543,Other,70.81372284506757
Claron Health International,Doctor,5.6122457,-0.1822982,"OSM,HDX,healthsites",0.81,4021383012,Other,71.53678614191443
Consulting Room,Doctor,10.0568044,-2.4974974,"OSM,HDX,healthsites",0.82,9913042558,Other,188.36752777384865
Covenant Dental Clinic,Doctor,4.895134,-1.7550499,"OSM,HDX,healthsites",0.81,4458050662,Other,163.65798580140634
Crystal Eye Clinic,Doctor,5.7061476,-0.1468088,"OSM,HDX,healthsites",0.81,2152138368,Other,64.14196462340884
Dental Unit,Doctor,6.5511186,0.301669,"OSM,HDX,healthsites",0.81,8573183854,Other,16.878662607728966
Dentoc Dental Clinic,Doctor,5.6590603,-0.1306055,"OSM,HDX,healthsites",0.81,12988641911,Other,69.5373341718953
Dr. K.K. Duncan,Doctor,5.5941177,-0.2320532,"OSM,HDX,healthsites",0.81,4305848889,Other,71.3561490142166
Dr. S.B. Hantes Dental Clinic,Doctor,5.5688551,-0.1690514,"OSM,HDX,healthsites",0.81,1775866820,Other,76.51871272800504
Ebus Dental Clinic,Doctor,5.6371517,-0.0766358,"OSM,HDX,healthsites",0.81,11021793792,Other,74.73988497729424
Elite Dental Centre,Doctor,5.6122195,-0.2154196,"OSM,HDX,healthsites",0.81,3720696848,Other,70.12125577632261
Eye Link Clinic,Doctor,5.6124096,-0.2220452,"OSM,HDX,healthsites",0.81,1385353948,Other,69.83757152520666
Faith Medical Services,Doctor,5.5999688,-0.2176187,OSM,0.53,403277948,Other,71.29782359411801
G2 Medical Laboratory Services,Doctor,5.5902486,-0.181608,"OSM,HDX,healthsites",0.82,5892839589,Other,73.79434933447692
Garu Health Centre,Doctor,10.8494616,-0.1778384,"OSM,HDX,healthsites",0.81,2278887839,Other,88.18595948645772
Gengimed Dental Clinic,Doctor,4.9159919,-1.7754635,"OSM,HDX,healthsites",0.81,11662851610,Other,160.53682767826479
Government Dentist Department,Doctor,4.9234115,-1.7450345,"OSM,HDX,healthsites",0.81,2084212605,Other,161.50551384501614
Healthnet Airpoort Mediacl Centre,Doctor,5.6089501,-0.186801,"OSM,HDX,healthsites",0.81,3506704799,Other,71.66833859755091
Healthy Soul Natural Health Clinic,Doctor,5.5806174,-0.2202261,OSM,0.53,388245694,Other,73.20328831001066
Hobats Clinic,Doctor,5.606822,-0.2317013,"OSM,HDX,healthsites",0.81,388565621,Other,70.04576236205935
Iran Clinic,Doctor,5.568037,-0.2124418,"OSM,HDX,healthsites",0.83,1728032238,Other,74.80618774839132
Jacob Nelson,Doctor,5.564311,-0.1770942,"OSM,HDX,healthsites",0.81,6135529577,Other,76.62861665842041
Kad Dental Service,Doctor,5.1097997,-1.2481688,"OSM,HDX,healthsites",0.81,6573933182,Other,149.99867346852753
King David Hospital,Doctor,5.5927466,-0.2060338,"OSM,HDX,healthsites",0.81,3950017304,Other,72.50572932942866
King Solomon Dental Clinic,Doctor,5.6679084,-0.2044069,"OSM,HDX,healthsites",0.81,7532272117,Other,64.91833375390134
Kings Dental Clinic,Doctor,6.6762302,-1.557787,"OSM,HDX,healthsites",0.81,11007852006,Other,45.96303112962126
Kumcji Hospital,Doctor,5.5739343,-0.1823604,"OSM,HDX,healthsites",0.81,1775872487,Other,75.42141598711065
Labone Clinic,Doctor,5.568812,-0.170222,"OSM,HDX,healthsites",0.82,1314917857,Other,76.47118308439357
Lifeview Medical Laboratory,Doctor,5.6116631,-0.2335108,"OSM,HDX,healthsites",0.82,6285113296,Other,69.47415020037845
M Pact Clinic,Doctor,5.5704896,-0.2015919,"OSM,HDX,healthsites",0.81,4157336043,Other,74.9773970209137
Madamfo Specialist Hospital,Doctor,4.9639239,-1.6942652,"OSM,HDX,healthsites",0.81,3818010148,Other,160.654739260276
Market Circle Dental Clinic,Doctor,5.2984673,-1.9897441,"OSM,HDX,healthsites",0.81,5193525333,Other,112.02493411389906
Midway Clinic Ltd.,Doctor,5.6174757,-0.2262614,"OSM,HDX,healthsites",0.81,4316803036,Other,69.1483539874897
Mission Children Clinic,Doctor,5.5826378,-0.2157759,OSM,0.53,425718114,Other,73.16374666511358
Mk Eye Center,Doctor,5.6366935,-0.2379193,"OSM,HDX,healthsites",0.94,5912226025,Other,66.70612284586731
New Cross Clinic,Doctor,5.5824322,-0.1993236,OSM,0.53,381731529,Other,73.83998646035015
New Vision Dental,Doctor,5.5773627,-0.1528478,"OSM,HDX,healthsites",0.81,6448342769,Other,76.40319292933142
New Vision Dental Clinic Annex,Doctor,5.6816091,-0.1931051,"OSM,HDX,healthsites",0.81,7193220303,Other,64.0783345812336
New world dental clinic,Doctor,5.5689934,-0.202059,"OSM,HDX,healthsites",0.81,1728032244,Other,75.11308331796693
Nuffield Clinic Orthopaedic,Doctor,5.5657782,-0.184822,"OSM,HDX,healthsites",0.81,2151944590,Other,76.14978922451273
O.K.E Dental Clinic,Doctor,5.6308634,-0.1572307,"OSM,HDX,healthsites",0.82,6825058463,Other,70.87159382099203
OMNI Healthcare,Doctor,5.6167345,-0.1923825,"OSM,HDX,healthsites",0.81,1426161179,Other,70.6322271338937
Osino Health Centre,Doctor,6.3422742,-0.4811583,"OSM,HDX,healthsites",0.81,3496565026,Other,15.912537673392999
PEB Dental Clinic,Doctor,5.6245243,-0.0761297,"OSM,HDX,healthsites",0.81,11068707802,Other,75.94270344015018
Peace Clinic,Doctor,5.6700657,-0.1600853,"OSM,HDX,healthsites",0.81,2152138381,Other,66.88115329988226
Platinum Dendist,Doctor,5.6194756,-0.1480633,"OSM,HDX,healthsites",0.81,3745519657,Other,72.45449877053196
Presbyterian Hosptal Dental Unit,Doctor,7.0490514,-0.077737,"OSM,HDX,healthsites",0.81,8499250857,Other,67.44054311156361
Raphal Medical Center,Doctor,5.6601472,-0.0207067,"OSM,HDX,healthsites",0.81,4400503925,Other,76.28598489232645
Regional Medical Office of the Embassy of the Federal Republic of Germany,Doctor,5.5636685,-0.1984106,"OSM,HDX,healthsites",0.83,3069906805,Other,75.80811087293877
Robinson Dental Clinic,Doctor,5.6510377,-0.0692578,"OSM,HDX,healthsites",0.82,10943923926,Other,73.91765313914613
Sape Agbo Memorial Hospital,Doctor,5.5922646,-0.2082311,"OSM,HDX,healthsites",0.81,1270558809,Other,72.46649167784398
Sonrisa Dental Clinic,Doctor,5.5840424,-0.1377446,"OSM,HDX,healthsites",0.92,10768781305,Other,76.46744795516717
Spaes Dental Clinic,Doctor,5.5662332,-0.1865479,"OSM,HDX,healthsites",0.83,1896543297,Other,76.03076527558838
St. Andrews Clinic,Doctor,5.608001,-0.1880233,"OSM,HDX,healthsites",0.81,3506704821,Other,71.71045243344817
St. Bernhard Eye Clinic,Doctor,5.5743634,-0.2074883,"OSM,HDX,healthsites",0.81,1356937919,Other,74.34341389103619
St. Lukes Clinic,Doctor,5.6140306,-0.1776537,"OSM,HDX,healthsites",0.82,3706858382,Other,71.56880249884854
Trust Specialist Hospital,Doctor,5.5607496,-0.1870794,"OSM,HDX,healthsites",0.81,3665190017,Other,76.57045246770784
Tuba Community Maternity & Clinic,Doctor,5.5119999,-0.3931086,"OSM,HDX,healthsites",0.81,3830300489,Other,76.60760797905064
Unnamed Doctor,Doctor,5.6364024,-0.1720217,"OSM,HDX,healthsites",0.61,1801462419,Other,69.59562106595125
Unnamed Doctor,Doctor,5.6392218,-0.2143179,"OSM,HDX,healthsites",0.61,2148021017,Other,67.39550519427388
Unnamed Doctor,Doctor,5.5751092,-0.1351977,"OSM,HDX,healthsites",0.61,2151944602,Other,77.47762139655924
Unnamed Doctor,Doctor,9.4146636,-0.9839179,"OSM,HDX,healthsites",0.61,2285918231,Other,105.00427558856809
Unnamed Doctor,Doctor,5.6844419,-0.0258781,"OSM,HDX,healthsites",0.61,5920361460,Other,73.82857552505162
Unnamed Doctor,Doctor,10.8125898,-0.0847404,"OSM,HDX,healthsites",0.61,6058330729,Other,94.01954007619828
Unnamed Doctor,Doctor,5.637324,-0.1046013,"OSM,HDX,healthsites",0.61,6976507206,Other,73.07407445569395
Unnamed Doctor,Doctor,5.7152542,-0.1880083,"OSM,HDX,healthsites",0.61,12288248987,Other,61.01612507232537
Unnamed Doctor,Doctor,5.6739462,-0.0260402,"OSM,HDX",0.47,12871650256,Other,74.72226355672879
Unnamed Doctor,Doctor,5.6206964,-0.225571,OSM,0.33,302376256,Other,68.84219677323301
Unnamed Doctor,Doctor,8.2013409,-0.1349584,OSM,0.33,725923042,Other,46.59533223675906
Vic Dank Health Centre,Doctor,5.6404683,-0.1039068,"OSM,HDX,healthsites",0.81,11554299569,Other,72.81673520753762
West End Clinic,Doctor,4.8935537,-1.7557157,"OSM,HDX,healthsites",0.81,4458050665,Other,163.77362874824806
Abutia-Agorve Health Centre,Health_Center,6.5057498,0.3649699,"OSM,HDX",0.67,8573178649,Other,22.476150671210977
Adaklu Sofa Health Centre,Health_Center,6.3837737,0.6386428,"OSM,HDX",0.67,8563919181,Other,53.93035386970559
Adaklu Waya Health Centre,Health_Center,6.4482099,0.6239661,"OSM,HDX",0.67,8563005196,Other,51.23941672550279
Adeemmra Health Centre,Health_Center,7.059876,-0.0556747,"OSM,HDX",0.67,8500460147,Other,67.6348201688563
Adjiringanor Health Center,Health_Center,5.6471744,-0.1368259,OSM,0.53,607399321,Other,70.33897245203403
Agratha Natural Herbal Center,Health_Center,5.5658489,-0.2402044,"OSM,HDX",0.67,5016194293,Other,74.02893102700062
Akoefe Health Centre,Health_Center,6.6559176,0.5054395,"OSM,HDX",0.67,8559590328,Other,42.20445438325271
Amedzofe Health Centre,Health_Center,6.8514421,0.4354234,"OSM,HDX",0.67,8583264832,Other,50.21645617282313
Apatrapa Health Centre,Health_Center,6.7098708,-1.6823913,"OSM,HDX",0.67,6690602362,Other,50.29191289727286
Asumura Rural Clinic,Health_Center,6.7046201,-2.7640454,"OSM,HDX",0.67,6771811261,Other,65.54844640884254
CHPS Compound Jambusi,Health_Center,10.0257225,-2.7715931,OSM,0.53,945988947,Other,218.56400225697408
Chiana Health Centre,Health_Center,10.8562005,-1.2782352,OSM,0.53,13629917214,Other,76.62404725627391
Dadiesoaba Health Center,Health_Center,6.7791589,-2.4199945,"OSM,HDX",0.67,6987568625,Other,66.42320068514636
Dodome Teleafenu Health Centre,Health_Center,6.8033639,0.5041326,"OSM,HDX",0.67,8583247686,Other,51.37635879279288
Dzolo Gborgame Health Centre,Health_Center,6.7753357,0.4766063,"OSM,HDX",0.67,8583250042,Other,47.03875901097946
Dzolokpuita Maternity Ward,Health_Center,6.7844091,0.4451603,OSM,0.53,930760654,Other,45.25291913932896
Dzolopuita Health Centre,Health_Center,6.7846204,0.4447783,"OSM,HDX,healthsites",0.81,8583277339,Other,45.24066096848616
Evangelical Presbyterian Health Centre,Health_Center,6.4515514,0.6112107,"OSM,HDX",0.67,8564390452,Other,49.802125058648755
Fodome Ahor Health Centre,Health_Center,7.0843536,0.559486,"OSM,HDX",0.67,5344540406,Other,79.17097089286824
Fume Health Centre,Health_Center,6.8782089,0.4201489,"OSM,HDX",0.67,8583267619,Other,51.66192424472817
Hlefi Health Centre,Health_Center,6.7212527,0.3765891,"OSM,HDX",0.67,8572190170,Other,34.97218891882162
Jumbo No.1 CHPS Compound,Health_Center,8.4647008,0.3361121,"OSM,HDX",0.67,6548971675,Other,83.13389954673896
Kasoa polyclinic,Health_Center,5.533813,-0.4264284,"OSM,HDX",0.67,6953608710,Other,74.00186555316742
Kassena-Nankana East Health Centre,Health_Center,10.9259781,-0.9575847,OSM,0.53,823988424,Other,66.22408023205983
Kassena-Nankana East Health Centre,Health_Center,10.9260233,-0.957878,OSM,0.53,823988425,Other,66.23709194049458
Kleefe Health Centre,Health_Center,6.6182909,0.4446308,"OSM,HDX",0.67,8574361657,Other,34.34581437151532
Kpeve Health Center,Health_Center,6.6871649,0.3323027,"OSM,HDX",0.67,6554707156,Other,28.901789050248887
Kukobila CHIP,Health_Center,10.1187404,-0.8082125,"OSM,HDX",0.67,6544034532,Other,25.252919491129365
M & D Medical Center,Health_Center,5.7559635,-0.3337042,"OSM,HDX",0.67,6926302018,Other,50.948848155224375
Mama Nyamanlobe III Maternity Block,Health_Center,6.775278,0.4767565,"OSM,HDX",0.67,8583250043,Other,47.04672432078669
Maternity Block,Health_Center,10.4123325,-2.6954717,OSM,0.53,1272569021,Other,207.31491987651472
Maternity Unit,Health_Center,6.5512064,0.301683,"OSM,HDX",0.67,8573183855,Other,16.88405917072573
Mem-Chemfre Health Centre,Health_Center,6.9282698,-0.0259871,"OSM,HDX",0.67,8504149418,Other,52.9106958045655
New Atuabo Health Centre,Health_Center,5.3229178,-1.9765514,"OSM,HDX",0.67,5940565345,Other,110.4115008267015
Nsuta Health Centre,Health_Center,7.5049985,0.4587568,"OSM,HDX",0.67,8614153675,Other,61.27260626012748
Nutritional Rehab Center,Health_Center,9.8780555,-0.871762,"OSM,HDX",0.67,6544036470,Other,52.40605004572822
Nyive Health Centre,Health_Center,6.7617096,0.5783804,"OSM,HDX",0.67,8564393295,Other,55.02565598379286
Odoben Health Center,Health_Center,5.6331868,-0.885386,"OSM,HDX",0.67,7916178404,Other,79.57058319909159
One Heart Medical Center,Health_Center,9.3897382,-0.8549674,"OSM,HDX",0.67,6544020983,Other,106.03015865743473
Samanhyia Health Centre,Health_Center,6.9974695,-0.1693854,"OSM,HDX",0.67,8515492308,Other,67.18965118575899
Santrokofi Health Centre,Health_Center,7.2147318,0.4720568,OSM,0.53,1124077671,Other,83.80109905561228
Tease Health Centre,Health_Center,6.9360659,-0.252574,"OSM,HDX",0.67,8520137031,Other,67.49705833692931
Tsito Health Centre,Health_Center,6.5511488,0.3012765,"OSM,HDX",0.67,8573189422,Other,16.840455079913458
Unilab Medical Diagnosis Center,Health_Center,6.7535017,-1.6434334,"OSM,HDX",0.67,6535963474,Other,43.82532103686265
Unnamed Health_Center,Health_Center,8.656838,-1.5231321,"OSM,HDX",0.47,6535944059,Other,177.85950429873975
Unnamed Health_Center,Health_Center,9.1159569,0.0016959,"OSM,HDX",0.47,6548973339,Other,145.76117087379055
Unnamed Health_Center,Health_Center,9.5033702,-0.0252411,"OSM,HDX",0.47,6548978115,Other,126.45577799531284
Unnamed Health_Center,Health_Center,9.2421451,-2.3475498,"OSM,HDX",0.47,8354976968,Other,208.87103964907817
Ve Ghad Health Center,Health_Center,6.9596075,0.4585732,"OSM,HDX",0.67,6554739492,Other,61.52917561327695
Wli Community Health Centre,Health_Center,7.1167515,0.5861925,"OSM,HDX",0.67,3802649224,Other,83.78996567607606
Aborlove Nolopi CHPS Compound,Health_Post,6.0293181,0.9257891,OSM,0.53,11533235533,Other,98.55467472624203
Adabraka Health Centre,Health_Post,7.1640523,0.4740569,"OSM,HDX",0.67,8946652854,Other,82.26452197173643
Adakpo Chps Compound,Health_Post,6.1702103,0.6705331,"OSM,HDX",0.67,8979649624,Other,66.3226673682571
Adisec Clinic,Health_Post,6.094146,0.5059985,"OSM,HDX",0.67,8979595011,Other,57.84974360704546
Akaa CHPS Compound,Health_Post,7.4270167,0.4087009,"OSM,HDX",0.67,10238653344,Other,62.00304057290432
Akamakope CHPS Compound,Health_Post,6.6671153,-0.18498,"OSM,HDX",0.67,8531336333,Other,43.20778361375324
Akpafu Adokor Health Centre,Health_Post,7.2812816,0.5280401,"OSM,HDX",0.67,8927738086,Other,82.61769323814526
Akpafu Mempeasem Health Centre,Health_Post,7.2500382,0.4823526,"OSM,HDX",0.67,8927740902,Other,81.58828658256056
Akpafu Odomi Chps Compound,Health_Post,7.2759969,0.4774815,"OSM,HDX",0.67,8927735158,Other,79.10923601684216
Akukorme CHPs Compound,Health_Post,6.8870994,0.2771274,"OSM,HDX",0.67,8907827159,Other,45.866663242292425
Alavanyo Gboegbedze Chps Compound,Health_Post,7.0804287,0.3534903,"OSM,HDX",0.67,8920694317,Other,68.78178695412227
Alavanyo Wudidi Health Centre,Health_Post,7.1199477,0.3579118,"OSM,HDX",0.67,8917489768,Other,73.09627400408452
Amankwa Tornu CHPs Compound,Health_Post,7.045068,0.0640418,"OSM,HDX",0.67,8510601158,Other,62.505664520362615
Anidzi CHPS Compound,Health_Post,6.9173682,0.0848783,"OSM,HDX",0.67,8503370874,Other,48.198491305786334
Asaaseboma CHPs Compound,Health_Post,6.7453453,-0.3607664,"OSM,HDX",0.67,8527685784,Other,60.74980215318791
Asantekwaa CHPS compound,Health_Post,8.0771766,-1.8268874,OSM,0.53,772677158,Other,123.14439756469525
Atikpui CHPs Compound,Health_Post,6.7480255,0.6193947,"OSM,HDX",0.67,8564392054,Other,58.107303845880125
Atiwulame CHPS Compound,Health_Post,6.9716922,0.0274184,"OSM,HDX",0.67,8536025827,Other,55.48366916927374
Atomkongu CHPS Compound,Health_Post,10.8353193,-1.0003563,OSM,0.53,1485757851,Other,58.15151582562878
Aveme Danyigba Health Centre,Health_Post,6.9279628,0.2639057,"OSM,HDX",0.67,8907825989,Other,49.876398131538174
Avetikope,Health_Post,7.0401898,0.2466604,"OSM,HDX",0.67,8901949248,Other,61.716521829600325
Baglo Chps Compound,Health_Post,7.3032359,0.6378313,"OSM,HDX",0.67,8946826473,Other,90.25669715641624
Baika Health Centre Maternity Block,Health_Post,7.2346091,0.5313464,"OSM,HDX",0.67,8927737627,Other,86.52407500205153
Beme Chps,Health_Post,6.9188375,0.265465,"OSM,HDX",0.67,8907827160,Other,48.933425824938176
Biheco CHPs,Health_Post,7.0060898,0.2850063,"OSM,HDX",0.67,8901949247,Other,58.820484185048194
Botoku Health Centre,Health_Post,6.7597962,0.2670096,"OSM,HDX",0.67,8917498769,Other,32.151250364389675
Bume-Wuve Chps Compound,Health_Post,6.8664989,0.2645838,"OSM,HDX",0.67,8917489766,Other,43.29969471564543
Buoyem Community Health Centre,Health_Post,7.6660061,-1.9609524,OSM,0.53,922519564,Other,92.79098530277285
Chiaso CHPs Compound,Health_Post,8.1775587,0.5123996,"OSM,HDX",0.67,8645208856,Other,71.48372516910148
Dafor CHPs,Health_Post,7.0881951,0.3063089,"OSM,HDX",0.67,8907837424,Other,68.19885609846519
Dagadu CHPS Compound,Health_Post,7.6114215,-2.3864246,OSM,0.53,7251099486,Other,126.52042301584898
Dekpoe Chps Compound,Health_Post,6.1269822,0.4940932,"OSM,HDX",0.67,8979649623,Other,54.26383788418859
Dodi-Mempeasem CHPS Compound,Health_Post,7.6338203,0.5161291,"OSM,HDX",0.67,8645228617,Other,61.082000818706476
Emli Chps Compound,Health_Post,6.7943889,0.3719297,"OSM,HDX",0.67,8955295010,Other,40.99552975398384
Fodome Helu Health Centre,Health_Post,7.074275,0.5069377,"OSM,HDX",0.67,8917515523,Other,75.14201622264812
Fodome Woe Chps,Health_Post,7.0694212,0.5170874,"OSM,HDX",0.67,8917491104,Other,75.25809584339208
Gbefi CHPS Compound,Health_Post,6.9985532,0.3829829,"OSM,HDX",0.67,8907837427,Other,61.44799699673081
Gbefi CHPS Maternity Ward,Health_Post,6.9987337,0.3830675,"OSM,HDX",0.67,8907821145,Other,61.47002920610919
Gbi-Akplamafu Chps Compound,Health_Post,7.1125559,0.4074599,"OSM,HDX",0.67,8917506332,Other,74.136294203715
Gbi-Wegbe Health Centre,Health_Post,7.1114554,0.4590855,"OSM,HDX",0.67,8917477772,Other,76.29567973176036
Gbledi Gborgame Health Centre,Health_Post,7.032101,0.5591964,"OSM,HDX",0.67,8946879617,Other,74.41278255537888
Golokwati Health Centre,Health_Post,7.0007711,0.4374969,"OSM,HDX",0.67,8920617155,Other,64.29394870514744
Goviefe Todzi Chps Compound,Health_Post,6.6899413,0.3420069,"OSM,HDX",0.67,8955305416,Other,29.838796249941325
Gradzeme CHPs Compound,Health_Post,6.8613088,0.4417335,"OSM,HDX",0.67,8583243164,Other,51.50780279501512
Hasu Community Polyclinic,Health_Post,6.489972,0.4875221,"OSM,HDX",0.67,8960872725,Other,35.9513898929097
Hoe Klave CHPs Compound,Health_Post,6.7855926,0.5227361,"OSM,HDX",0.67,8564390394,Other,51.635596433912916
Kanania CHPS Compound,Health_Post,10.8306871,-1.2241631,OSM,0.53,1485746531,Other,70.5810783915865
Kanania CHPS Compound,Health_Post,10.8304895,-1.2241314,OSM,0.53,1485746532,Other,70.56225826164497
Kodiabe Chps Compound,Health_Post,6.4899944,0.5044587,"OSM,HDX",0.67,8960809477,Other,37.824755835738245
Kodzofe Chps Compound,Health_Post,7.1443234,0.5214457,"OSM,HDX",0.67,8952081320,Other,82.67095174030486
Koloenu Chps Compound,Health_Post,7.0403248,0.4259965,"OSM,HDX",0.67,8920657509,Other,67.62179976309379
Kpando Fesi CHPs,Health_Post,7.036299,0.3009703,"OSM,HDX",0.67,8907829654,Other,62.485021501285125
Kpando Gadza Centre (Clinic),Health_Post,7.0165343,0.3184037,"OSM,HDX",0.67,8907849015,Other,60.88556068490718
Kpetsu Chps Compound,Health_Post,6.4264214,0.5145353,"OSM,HDX",0.67,8960832179,Other,39.541927062556574
Kpotame Health Centre,Health_Post,5.9766659,0.5257036,"OSM,HDX",0.67,8986141401,Other,69.42187598869535
Kpoviadzi Health Centre,Health_Post,6.2028133,0.7097067,"OSM,HDX",0.67,8979639979,Other,68.29143154652363
Kudzra Health Centre,Health_Post,6.9622533,0.3397988,"OSM,HDX",0.67,8917502645,Other,55.93897765401748
Kukurantumi Chps Compound,Health_Post,7.2619208,0.5683691,"OSM,HDX",0.67,8946638451,Other,87.3272820616282
Lekanti Chps Compound,Health_Post,7.3327939,0.5884733,"OSM,HDX",0.67,8946656582,Other,83.94423947174488
Leklebi Dugah Health Centre,Health_Post,6.9598571,0.4982659,"OSM,HDX",0.67,8946866249,Other,63.994265509990186
Leklebi Kame Health Centre,Health_Post,6.9676671,0.5159688,"OSM,HDX",0.67,8952053227,Other,65.8420357915832
Lemina CHPs Compound,Health_Post,8.5469883,0.1802583,"OSM,HDX",0.67,8645227342,Other,85.50496639122284
Liate Wote Chps Compound,Health_Post,7.021077,0.5484837,"OSM,HDX",0.67,8946863612,Other,72.7305718944158
Likpe Abrani Health Centre,Health_Post,7.2478186,0.5597641,"OSM,HDX",0.67,8927743000,Other,87.70809909490217
Likpe Agboxome Chps Compound,Health_Post,7.196096,0.5636628,"OSM,HDX",0.67,8927731891,Other,89.9425819519081
Likpe Bala Chps Compound,Health_Post,7.2029617,0.6077767,"OSM,HDX",0.67,8946829489,Other,93.08720498221257
Likpe Koforidua,Health_Post,7.2259682,0.5609731,"OSM,HDX",0.67,8960876749,Other,89.49716145857205
Likpe Mate Chps Compound,Health_Post,7.1794214,0.6071113,"OSM,HDX",0.67,8960868745,Other,90.84875366643789
Logba Alakpeti Chps Compound,Health_Post,6.8902618,0.428543,"OSM,HDX",0.67,8939658872,Other,53.28549011429256
Logba Vuinta Health Centre,Health_Post,6.9231392,0.460784,"OSM,HDX",0.67,8955309482,Other,58.29243771193435
Logba-Tota Health Centre,Health_Post,6.8902401,0.453473,"OSM,HDX",0.67,8939631985,Other,54.85335672322759
Lolobi Kumasi Health Centre,Health_Post,7.2188381,0.5287318,"OSM,HDX",0.67,8927713023,Other,87.59229386978743
Mafi Adalekpoe Clinic,Health_Post,6.2395001,0.5886726,"OSM,HDX",0.67,8968995313,Other,54.602719625307
Mafi Agoe Chps,Health_Post,6.26482,0.5176217,"OSM,HDX",0.67,8969012905,Other,46.42747043645232
Mafi Anfoe Chps Compound,Health_Post,6.1484523,0.5415018,"OSM,HDX",0.67,8979607895,Other,56.3270945768907
Mafi Avedo Chps Compound,Health_Post,6.1336766,0.6368676,"OSM,HDX",0.67,8979649404,Other,65.53423844543053
Mafi Fiekpe Chps Compound,Health_Post,6.2571906,0.4750219,"OSM,HDX",0.67,8969008842,Other,43.009904135769766
Mafi Gidikpoe Chps,Health_Post,6.30689,0.6466089,"OSM,HDX",0.67,8969014586,Other,57.199234297378744
Mafi Kumase Health Centre,Health_Post,6.2754821,0.5713035,"OSM,HDX",0.67,8969020088,Other,50.994908725966795
Mafi Sasekpe HC,Health_Post,6.2758204,0.6145731,"OSM,HDX",0.67,8968985702,Other,55.26890593505308
Mafi Seva Chps Compound,Health_Post,6.199817,0.5036728,"OSM,HDX",0.67,8968985700,Other,49.43798027625822
Mafi Tove Chps Compound,Health_Post,6.1092918,0.6127773,"OSM,HDX",0.67,8979638860,Other,65.1232124446286
Mafi Zongo Chps Compound,Health_Post,6.2220006,0.5145028,"OSM,HDX",0.67,8969018081,Other,48.839837943957804
Makstec Clinic,Health_Post,6.2791506,0.569877,OSM,0.53,1032049032,Other,50.668198574230125
Mawuekpor Chps Compound,Health_Post,6.1974772,0.5503533,"OSM,HDX",0.67,8969009505,Other,53.64057247101268
New Ayoma Health Centre,Health_Post,7.2842245,0.58369,"OSM,HDX",0.67,8946678638,Other,86.94278983525531
New Bakpa Chps Compound,Health_Post,6.0510723,0.5400686,"OSM,HDX",0.67,8979605646,Other,63.91942314350334
Nurifafa Health Centre,Health_Post,6.4977621,0.5132416,"OSM,HDX",0.67,8960871219,Other,38.809102048449866
Nyagbo Gagbefe,Health_Post,6.8194452,0.3746088,"OSM,HDX",0.67,8955322035,Other,43.469131843082614
Odumase Health Centre,Health_Post,8.2578695,0.4378759,"OSM,HDX",0.67,8939668651,Other,71.06649693457958
Old Ayoma Health Centre,Health_Post,7.2881148,0.6335155,"OSM,HDX",0.67,8946646867,Other,90.9073403797215
Patience Angels Maternity Home,Health_Post,7.5029469,-2.91502,OSM,0.53,1482615843,Other,153.63843134122075
Planned Parenthood Association of Ghana Clinic,Health_Post,6.0015825,0.5975389,"OSM,HDX",0.67,8986166740,Other,72.23026920061649
Roman Catholic Health Centre,Health_Post,7.1491788,0.4768073,"OSM,HDX",0.67,8952060181,Other,80.90395961470233
Sabadu Health Centre,Health_Post,6.9059154,0.248124,"OSM,HDX",0.67,8907817659,Other,47.12247361629161
Santrokofi Health Centre,Health_Post,7.2146769,0.4720388,"OSM,HDX",0.67,8927724535,Other,83.80450775901025
Sasekope Chps Compound,Health_Post,6.047804,0.6044057,"OSM,HDX",0.67,8986160071,Other,69.03913111589928
Sibi Hilltop CHPs Compound,Health_Post,8.5916139,0.237714,"OSM,HDX",0.67,8645221486,Other,91.98912155787238
Sogasco Sick Bay,Health_Post,5.9916278,0.6014647,"OSM,HDX",0.67,8986168307,Other,73.34195198742913
Sokpoe Chps Compound,Health_Post,5.9923146,0.579853,"OSM,HDX",0.67,8986148774,Other,71.7220918505239
Sovie CHPs Compound,Health_Post,6.9370185,0.2897266,"OSM,HDX",0.67,8907831982,Other,51.55736339269095
St Patrick Hospital Administration,Health_Post,6.9987177,0.2877449,"OSM,HDX",0.67,8901915984,Other,58.098842109575
Supom CHPs Compound,Health_Post,7.1788628,0.0049842,OSM,0.53,1002083147,Other,68.51057692734764
Tafi Agome CHPS Compount,Health_Post,6.8485697,0.3923342,"OSM,HDX",0.67,8898903092,Other,47.2381416113969
Tefle Health Centre,Health_Post,6.0005388,0.5707322,"OSM,HDX",0.67,8986163757,Other,70.37633066961602
Tokorme Chps,Health_Post,6.8789961,0.2631492,"OSM,HDX",0.67,8917511766,Other,44.595548407714716
Torkor Health Centre,Health_Post,7.0023849,0.2706564,"OSM,HDX",0.67,8901934866,Other,58.074589570390266
Tsatee Chps,Health_Post,6.6073085,0.2462812,OSM,0.53,10011699115,Other,16.077615790067924
Tsorxor Chps Compound,Health_Post,6.6994586,0.2573327,"OSM,HDX",0.67,8917516453,Other,25.57848039024084
Tsrefe Chps Compound,Health_Post,6.5154303,0.4978602,"OSM,HDX",0.67,8960874552,Other,37.212961015984305
Ubunja CHPs Compound,Health_Post,8.5745166,0.1656577,"OSM,HDX",0.67,8645212960,Other,88.08470605125146
Unnamed Health_Post,Health_Post,5.350812,-1.6797814,OSM,0.33,9595225636,Other,128.0348163589803
Unnamed Health_Post,Health_Post,10.9256234,-0.9574527,OSM,0.33,823988428,Other,66.18246372906499
Wadamaxe CHPs Compound,Health_Post,6.8930818,0.2942218,"OSM,HDX",0.67,8907820782,Other,47.05310977110314
Wiate Soba Health Centre,Health_Post,7.0102501,0.512713,"OSM,HDX",0.67,8946819146,Other,69.48606500879973
Zanlerigu Health Center,Health_Post,10.8063698,-0.7370119,OSM,0.53,10570347974,Other,51.33004309728239
37 Military Hospital,Hospital,5.5869122,-0.1847128,OSM,0.53,786143438,Hospital,73.99794765837856
3BN Military Hospital,Hospital,7.3419817,-2.2948458,OSM,0.53,907645554,Hospital,105.34722769274343
AIMS Hospital,Hospital,5.6060797,-0.2254035,"OSM,HDX,healthsites",0.81,12917692820,Hospital,70.36226839274833
AMI Memorial Hospital,Hospital,5.3009896,-1.9948526,OSM,0.53,786540038,Hospital,111.50537653310977
Abomosu Clinic,Hospital,6.3001218,-0.7342024,"OSM,HDX,healthsites",0.81,11467012129,Hospital,33.64261139854038
Abomosu Hospital,Hospital,6.3007816,-0.734213,"OSM,HDX,healthsites",0.81,11467012128,Hospital,33.667140242388484
Abrafi Women and Children Hospital,Hospital,7.5797598,-1.9447767,OSM,0.53,788123054,Hospital,84.78226109163708
Abuakwa Health Center,Hospital,6.7012439,-1.715162,OSM,0.53,788124542,Hospital,53.42043594187959
Aburaso Health center,Hospital,6.6611852,-1.6769815,"OSM,HDX,healthsites",0.81,4621957790,Hospital,54.12849321913124
Accra Medical Centre,Hospital,5.5687182,-0.1860394,OSM,0.63,786544961,Hospital,75.79780218972643
Accra Medical Centre,Hospital,5.5694068,-0.1864111,OSM,0.53,881084468,Hospital,75.71171787535356
Accra Psychiatric Hospital,Hospital,5.5633354,-0.2045885,OSM,0.53,785911112,Hospital,75.59763333376371
Accra West Medical Centre,Hospital,5.5463886,-0.3262091,"OSM,HDX,healthsites",0.81,7775836840,Hospital,73.7851051467966
Achiase Health Centre,Hospital,5.8447952,-1.0011211,OSM,0.63,1027705627,Hospital,73.08039110892133
Achimota Hospital,Hospital,5.6298307,-0.2171964,OSM,0.53,437380195,Hospital,68.23784029558526
Ada East District Hospital,Hospital,5.8893838,0.5697255,OSM,0.53,457229787,Hospital,80.13068292466421
Adabraka Polyclinic,Hospital,5.5618213,-0.2044306,OSM,0.53,786211189,Hospital,75.76044572816005
Adidome Hospital,Hospital,6.0728658,0.4982077,OSM,0.53,970442689,Hospital,59.09868336620679
Adisadel Health Centre,Hospital,5.1192383,-1.2678575,OSM,0.53,786181414,Hospital,150.4678429481045
Advance Body Sculpture,Hospital,5.5562003,-0.3041977,OSM,0.53,672670915,Hospital,73.20268923216804
Adweso Clinic,Hospital,6.0634948,-0.253995,OSM,0.63,996908203,Hospital,26.260016353609963
Afari Military Hospital,Hospital,6.6841974,-1.7886159,OSM,0.53,556255906,Hospital,60.51580067477245
Afienya Clinic,Hospital,5.8024857,0.0059677,OSM,0.53,787456657,Hospital,66.81976176382094
Afrikids Clinic,Hospital,10.7890849,-0.8411563,OSM,0.53,787149445,Hospital,49.07309525257057
Agogo Presbyterian hospital,Hospital,6.7965698,-1.0855078,"OSM,HDX,healthsites",0.81,10675393233,Hospital,43.73520730133354
Agyakwa Hospital,Hospital,6.5383131,-0.7672648,OSM,0.53,787194009,Hospital,51.37394139524992
Agyei-Mensah Memorial Home,Hospital,6.8020922,-2.5171237,OSM,0.53,624514212,Hospital,68.6699314684552
Ahmaddiyya Hospital,Hospital,10.1697146,-2.5416345,OSM,0.53,787190436,Hospital,191.42223920464664
Ahmadiyya Muslim Hospital,Hospital,5.5385494,-0.699593,OSM,0.53,787126092,Hospital,78.62353172385488
Ahodwo New Cross Hospital,Hospital,6.6571085,-1.6223795,OSM,0.53,786534140,Hospital,51.155481062971845
Ahwenie Memorial Hospital,Hospital,6.4549977,-1.5704577,OSM,0.53,787125398,Hospital,69.38023758929751
Ahwiaso Community Hospital,Hospital,6.3157621,-2.2501706,"OSM,HDX,healthsites",0.81,9765933893,Hospital,29.85391331895365
Aiyinase Clinic,Hospital,5.0433587,-2.4650394,"OSM,HDX,healthsites",0.81,7581511128,Hospital,125.93502885401095
Akatsi District Hospital,Hospital,6.1391893,0.8082299,OSM,0.63,297185541,Hospital,81.2232003348243
Akrodie Health Centre,Hospital,6.6950068,-2.5569091,OSM,0.53,788138332,Hospital,57.29519559900049
Akumadan health centre,Hospital,7.4055884,-1.9605964,OSM,0.53,786594781,Hospital,74.44167300248017
Akuse Government Hospital,Hospital,6.0978288,0.1249559,OSM,0.63,786513575,Hospital,43.40267792410268
Al-Ayar Hospital,Hospital,5.6138369,-0.2403674,OSM,0.63,635023706,Hospital,68.9935017703364
Alpha Homeopathic & Boatnic Medical Clinic,Hospital,6.5558643,-0.7554059,OSM,0.53,603862968,Hospital,51.91913932977538
Alpha and Omega Chiropractic Health Care,Hospital,5.6478002,-0.0733104,"OSM,HDX,healthsites",0.83,10891372645,Hospital,73.96203621442615
Amasaman Hospital,Hospital,5.7019196,-0.299348,OSM,0.63,532459266,Hospital,57.71709732141642
Ambulant Station Bachabordo,Hospital,9.369194,-0.1574881,OSM,0.53,204590022,Hospital,129.2969758371052
Amen Scientific Herbal and Alternative Medical Hospital,Hospital,6.7030952,-1.6251046,OSM,0.53,787651560,Hospital,47.02701655533154
Amiah Hospital,Hospital,10.8091638,-0.8507008,OSM,0.53,787168371,Hospital,51.38105412947243
Amoah Memorial Hospital,Hospital,5.5907936,-0.2872877,OSM,0.53,738914521,Hospital,69.9188822523428
Amoako Health City,Hospital,7.5371705,-1.9417206,OSM,0.53,788120006,Hospital,81.37442861971144
Anfoega Catholic Hospital,Hospital,6.8793803,0.2765656,OSM,0.53,787651055,Hospital,45.0294518772733
Angela Catholic Clinic,Hospital,6.7634423,-3.1828005,OSM,0.53,674644209,Hospital,100.5032249792357
Aniwaa Medical Center,Hospital,6.664569,-1.535161,OSM,0.53,995254527,Hospital,46.186349420973144
Anoma Health Center,Hospital,7.7836552,-1.8712659,OSM,0.53,1077277734,Hospital,96.84189838170745
Anthon Memorial Hospital,Hospital,5.5937013,-0.2114515,OSM,0.53,786529847,Hospital,72.18932674712433
Apinto Government Hospital,Hospital,5.3057494,-1.986342,OSM,0.63,563750981,Hospital,111.50909639001729
Apradang Clinic,Hospital,6.5486346,-0.8663086,OSM,0.53,452696674,Hospital,60.19820123399784
Armah Memorial,Hospital,5.5584037,-0.2433672,OSM,0.53,788122226,Hospital,74.70662239726997
Asafo Agyei Hospital,Hospital,6.6420241,-1.6189558,OSM,0.63,787138508,Hospital,52.40838395918638
Asakraka Clinic,Hospital,6.6321641,-0.6845805,OSM,0.53,612412970,Hospital,54.323879795547
Asamankese Government Hospital,Hospital,5.8539806,-0.6786598,OSM,0.53,787180229,Hospital,46.36218956699231
Asesewa Government Hospital,Hospital,6.4017208,-0.146631,"OSM,HDX,healthsites",0.95,7330176585,Hospital,35.5173414599103
Ashaiman Community Hospital,Hospital,5.7108652,-0.0370839,"OSM,HDX,healthsites",0.81,4286153094,Hospital,70.78286855602579
Ashan,Hospital,6.8431504,-1.6487814,OSM,0.53,788119769,Hospital,37.320210844055474
Ashongman Community Hospital,Hospital,5.6853568,-0.2318106,OSM,0.53,786576008,Hospital,61.94030265365043
Asokore Ahmadiyya Hospital,Hospital,6.8448217,-1.3830389,OSM,0.63,1245797366,Hospital,23.1900301801926
Atasomanso hospital,Hospital,6.6521749,-1.6332336,"OSM,HDX,healthsites",0.82,10035656333,Hospital,52.24369810405288
Atibie Government Hospital,Hospital,6.5807467,-0.7340057,OSM,0.53,787198923,Hospital,52.55168407440345
Atlantis Hospital,Hospital,5.7185997,0.0087224,OSM,0.53,786574501,Hospital,73.50561410784239
Atorkor Clinic,Hospital,5.776355,0.8217025,OSM,0.53,785870852,Hospital,107.35920332870121
Atta Mills Clinical Teaching center,Hospital,5.1353499,-1.2646099,OSM,0.53,788122629,Hospital,148.83286362583476
Atta Quarshie Merton Memorial Hospital,Hospital,5.5619488,-0.2137769,"OSM,HDX,healthsites",0.81,8976806587,Hospital,75.38766118917317
Atua Government Hospital,Hospital,6.1196883,-0.0080317,OSM,0.53,1395327521,Hospital,44.939466385911096
Axim Governmenr Hospital,Hospital,4.8667635,-2.2378492,OSM,0.53,787154488,Hospital,147.99033871238717
Ayiresu Chip Compound,Hospital,5.6211389,-0.5218935,OSM,0.63,786941878,Hospital,64.85642560778038
Baptist Medical Center Nalerigu,Hospital,10.515869,-0.3640743,OSM,0.53,786246934,Hospital,51.61197298664374
Baptist Medical Centre,Hospital,10.5197849,-0.3646745,OSM,0.53,788136715,Hospital,51.70895583902883
Barnor Hospital,Hospital,5.5492639,-0.2411191,OSM,0.53,786508246,Hospital,75.74551200887623
Bawku Presbyterian Hospital,Hospital,11.0602425,-0.2329527,OSM,0.53,406732183,Hospital,100.59721634336825
Bechem Government Hospital,Hospital,7.0875431,-2.0304926,OSM,0.53,1056202980,Hospital,71.35140461983053
Bekwai Matenity,Hospital,6.4551686,-1.5786467,OSM,0.63,787124186,Hospital,69.63442586595563
Bekwai Municipal Hospital,Hospital,6.4560047,-1.5789526,OSM,0.63,787122176,Hospital,69.55680789811073
Bemuah Royal Hospital,Hospital,5.6459731,-0.1568956,"OSM,HDX,healthsites",0.81,10639721427,Hospital,69.40170400695764
Bemuah Royal Hospital,Hospital,5.6458487,-0.1567979,OSM,0.53,481195130,Hospital,69.41890276791345
Bengali Hospital,Hospital,5.6678409,-0.0202903,OSM,0.53,358330133,Hospital,75.64718523267854
Bethel Hospital,Hospital,5.6720403,-0.0193171,OSM,0.53,786572804,Hospital,75.35207567985375
Bibiani Government Hospital,Hospital,6.4564802,-2.3230746,OSM,0.63,553381087,Hospital,35.21932129064515
Bimbilla Hospital,Hospital,8.8578116,0.0551406,OSM,0.53,788120339,Hospital,117.43815297721845
Bodomase Clinic,Hospital,6.8898446,-1.2519242,"OSM,HDX,healthsites",0.92,8592856359,Hospital,23.44031511312244
Bole District Hospital,Hospital,9.0292647,-2.49718,OSM,0.53,786943905,Hospital,236.1951040587446
Bolgatanga Regional Hospital,Hospital,10.8061543,-0.861901,OSM,0.53,756279667,Hospital,51.18842339862317
Bontanga hospital,Hospital,9.5792913,-0.9950347,OSM,0.53,1182211466,Hospital,87.4730310228089
Breasted One Foundation,Hospital,5.6319195,-0.0146647,OSM,0.53,1383076685,Hospital,79.16739525793638
Bright Clinic,Hospital,5.8245101,0.0277869,OSM,0.53,1337086403,Hospital,67.10298018311174
Buterisa CHIPS Compound,Hospital,10.4810423,-1.2772783,"OSM,HDX,healthsites",0.81,1914665868,Hospital,53.95473582765087
C&J Medicare Hospital,Hospital,5.5535249,-0.2100966,OSM,0.53,788124254,Hospital,76.40247561553127
C&J Medicare Hospital and Diagnostic Center,Hospital,5.6243654,-0.0695604,OSM,0.53,786560555,Hospital,76.35239296025856
C4C,Hospital,4.9440653,-1.7522058,OSM,0.53,788123824,Hospital,159.1342040205503
CD SPECIALIST HOSPITAL,Hospital,6.6777774,-1.6352316,"OSM,HDX,healthsites",0.81,11400090880,Hospital,49.975698767511965
CHPS Compound,Hospital,6.3696878,-0.5306782,OSM,0.53,786508245,Hospital,20.697949485178945
CITI PHYSIOTHERAPY AND REHABILITATION CENTRE,Hospital,5.5374094,-0.4180654,"OSM,HDX",0.77,13274280982,Hospital,73.63770138835952
CMS,Hospital,6.3754238,0.8879399,HDX,0.53,8570257220,Hospital,81.2190733323401
CMS D'EDZI,Hospital,6.3879481,0.870291,HDX,0.53,8570246809,Hospital,79.08298854283836
CMS Dzolo,Hospital,6.3719528,0.8888628,HDX,0.53,9743635884,Hospital,81.3801302562541
CSPS,Hospital,10.4972009,-2.9105334,HDX,0.53,13534226587,Hospital,231.306358217214
CWC,Hospital,6.5483901,-0.8661785,OSM,0.53,452698167,Hospital,60.1699142842951
Cape Coast District Hospital,Hospital,5.1026091,-1.2589246,OSM,0.53,786159141,Hospital,151.34618357801082
Cape Coast Health And Wellness Center,Hospital,5.1084068,-1.2472647,"OSM,HDX,healthsites",0.81,13043166773,Hospital,150.0636198200307
Cape Coast Teaching Hospital,Hospital,5.1340712,-1.2660169,OSM,0.53,786182448,Hospital,149.04001130626887
Catholic Family Reproductive Health Program,Hospital,10.360317,-0.7959098,OSM,0.53,786247674,Hospital,1.6913673946097296
Cedars Medical Center,Hospital,5.6814361,-0.1984665,OSM,0.53,787188976,Hospital,63.83822197541941
Cedars Medical Center,Hospital,5.6793872,-0.1926961,OSM,0.53,787191829,Hospital,64.31916441918248
Central Aflao Hospital,Hospital,6.1152168,1.1689449,OSM,0.53,268779320,Hospital,118.76896999271025
Charia Health Center,Hospital,10.1102742,-2.5705982,OSM,0.63,1074648190,Hospital,195.36875576681712
Chereponi Hospital,Hospital,10.1306476,0.2866376,OSM,0.53,1470263723,Hospital,121.80741735522614
Chrispod Hospital,Hospital,5.6436094,-0.2319856,OSM,0.53,806130064,Hospital,66.22146095470102
Citadel Hospital,Hospital,5.5964844,-0.2168298,"OSM,HDX,healthsites",0.81,8070168590,Hospital,71.68910796816739
City of Hope Hospital,Hospital,5.6394615,-0.0566458,OSM,0.53,787645390,Hospital,75.76421097036133
Civil Service Polyclinic,Hospital,5.5510399,-0.1960103,OSM,0.53,439346942,Hospital,77.20669704541191
Clinic,Hospital,9.0853077,-1.8180639,OSM,0.53,614772758,Hospital,178.51751498803
Clinic,Hospital,9.0828765,-1.8266342,OSM,0.63,729389972,Hospital,179.31533842558176
Cocoa Clinic,Hospital,5.5717974,-0.2363327,OSM,0.53,786331457,Hospital,73.53773312787914
Comboni Hospital,Hospital,6.0024684,0.5850068,OSM,0.53,786595766,Hospital,71.23944269576332
County Hospital,Hospital,6.7262792,-1.6582381,OSM,0.53,590279173,Hospital,47.18218500735624
County Hospital,Hospital,6.7265479,-1.6582299,OSM,0.53,615856687,Hospital,47.15874364512399
Cross Care Hospital,Hospital,7.3497195,-2.3530028,OSM,0.53,787460478,Hospital,111.73406592053296
Cross Medical Centre,Hospital,7.0080504,-1.376056,OSM,0.63,506292206,Hospital,5.241809119393908
Cross Medical Centre,Hospital,7.0083949,-1.3759923,OSM,0.63,506292213,Hospital,5.20589413907815
DAKS Medical Center,Hospital,6.4566489,-2.3018646,OSM,0.53,665607745,Hospital,36.48117445983994
Damongo Health Centre,Hospital,9.0822717,-1.8182024,"OSM,HDX,healthsites",0.81,12484328105,Hospital,178.7898988432708
Damongo Health Centre,Hospital,9.0822819,-1.818583,"OSM,HDX,healthsites",0.81,12484328602,Hospital,178.8150273242875
Dawa CHPS compound,Hospital,5.8646901,0.28651,"OSM,HDX,healthsites",0.81,7877561279,Hospital,70.33744498608286
Dialysis Center,Hospital,5.5422583,-0.2291881,OSM,0.63,980615152,Hospital,76.8876335810739
Diare Health Center,Hospital,9.8775305,-0.8719139,OSM,0.53,554224617,Hospital,52.46590216598515
Dispensaire de Nyitoe,Hospital,6.6603381,0.650374,HDX,0.53,10564939822,Hospital,57.20384313773787
Divine Healthcare Hospital,Hospital,6.7568061,-1.651579,OSM,0.53,1197546137,Hospital,44.14286340689411
Divine Love Hospital,Hospital,6.4552584,-2.3168744,OSM,0.63,665592937,Hospital,35.45694053670444
Donkorkrom Presbyterian Hospital,Hospital,7.0486365,-0.0767851,"OSM,HDX,healthsites",0.82,8355047237,Hospital,67.35697741331586
Dr Grace Momfi Eye Hospital,Hospital,7.0538252,0.4268626,"OSM,HDX,healthsites",0.81,8917516454,Hospital,69.01251260752534
Dr. Beecham's Central Dansoman Clinic,Hospital,5.552274,-0.2622264,OSM,0.63,787121870,Hospital,74.75749303064445
Dr. Larbi Clinic,Hospital,7.4438905,-2.5935659,OSM,0.63,787135678,Hospital,140.07217496291562
ECG Hospital,Hospital,8.4572269,-0.0124025,OSM,0.53,1146828452,Hospital,72.89711900634197
Eastern Regional Hospital,Hospital,6.0977648,-0.2569788,OSM,0.53,478696524,Hospital,23.943621454948165
Effia Nkwanta Regional Hospital,Hospital,4.9239418,-1.7442462,OSM,0.53,786202107,Hospital,161.4993029063047
Effiduasi District Hospital,Hospital,6.8472847,-1.3935446,OSM,0.53,786327648,Hospital,22.93328866852219
Effutu Municipal Hospital,Hospital,5.3436292,-0.6226258,OSM,0.63,791992775,Hospital,96.98960287638374
Emergency Room Holy Family Hospital,Hospital,7.4449334,-2.586675,OSM,0.53,787184968,Hospital,139.50253713706633
Emmanuel Community Hospital,Hospital,5.6065334,-0.2375877,OSM,0.53,787491535,Hospital,69.85755062472033
Emmanuel Med Hospital,Hospital,6.6290534,0.4822035,OSM,0.53,1167556952,Hospital,38.623584098158155
Enchi Government Hospital,Hospital,5.8305012,-2.8213004,OSM,0.53,875374275,Hospital,53.864135419447514
Esidem Hospital,Hospital,5.6601762,-0.1549791,OSM,0.53,788135801,Hospital,68.11226168740444
Euracare,Hospital,5.570436,-0.1766637,OSM,0.53,787174959,Hospital,76.02369801967401
Faith Evangelical Mission Hospital,Hospital,5.5792819,-0.245048,OSM,0.53,614521670,Hospital,72.45039205360419
Family Health Hospital,Hospital,5.5728629,-0.1122041,OSM,0.53,785915055,Hospital,78.86183793207579
Father Thomas Allan Rooney Memorial Hospital,Hospital,5.801622,-2.4321471,OSM,0.63,787652346,Hospital,42.46209349798053
Fetteh Hope Hospital,Hospital,5.431858,-0.4771433,OSM,0.53,787083822,Hospital,85.31295847110985
Focos Orthopedic hospital,Hospital,5.7274744,-0.1851059,OSM,0.63,1195602513,Hospital,59.97967329356591
Focus Orthopedic,Hospital,5.736226,-0.1761659,OSM,0.53,787639638,Hospital,59.62357636840833
Fountain Care Hospital,Hospital,7.9544918,-2.6960758,OSM,0.53,488708454,Hospital,175.58571241006834
Fountain Medical Services,Hospital,6.5959653,0.5180955,"OSM,HDX,healthsites",0.81,11246707167,Hospital,41.08506022257067
Frimpong Boateng Medical Center,Hospital,6.6615016,-1.8205251,"OSM,HDX,healthsites",0.81,9765918910,Hospital,64.8139464005951
Fulera Maternity Clinic,Hospital,9.4321907,-0.860596,OSM,0.53,243542766,Hospital,101.37794931056396
GMC Hospital,Hospital,5.2802295,-1.9822029,OSM,0.53,787648877,Hospital,114.193272736927
Ga North Municipal Hospital,Hospital,5.6553167,-0.2778011,"OSM,HDX,healthsites",0.81,11408642496,Hospital,63.33981642654604
Garden City Hospital,Hospital,6.7114132,-1.56792,OSM,0.53,908925710,Hospital,42.96608618615755
Gary Marvin Memorial Hospital,Hospital,6.604927,-1.6603731,OSM,0.53,787178103,Hospital,58.26689314791419
General Family Hospital,Hospital,5.7243467,-0.0579181,"OSM,HDX,healthsites",0.81,8598911517,Hospital,68.1656078534285
German Egon Clinic,Hospital,5.6123628,-0.2143482,OSM,0.53,785913649,Hospital,70.14982987828208
Gewah Hospital,Hospital,5.5616504,-0.3100775,OSM,0.53,672444403,Hospital,72.47594817276098
Ghana Atomic Energy Commission Hospital,Hospital,5.6685831,-0.2315705,OSM,0.53,787379775,Hospital,63.66761703192358
Ghana Health Service clinic,Hospital,5.8501297,0.972323,OSM,0.53,785881345,Hospital,114.09321522619162
Ghana Police Hospital,Hospital,5.5684386,-0.181711,OSM,0.53,255511063,Hospital,76.00980479109664
Goaso Municipal Hospital,Hospital,6.8063708,-2.5212383,OSM,0.63,622139394,Hospital,69.16769638463707
Governmental Hospital,Hospital,5.5357761,-0.6922845,OSM,0.53,786544124,Hospital,78.62595665035177
Grace Memorial Hospital,Hospital,5.5970285,-0.1123414,OSM,0.53,543467738,Hospital,76.50414539900373
Graceland Specialist Hospital,Hospital,6.6624402,-1.5293751,"OSM,HDX,healthsites",0.81,11097151722,Hospital,46.182155470387826
Greater Grace Hospital,Hospital,5.7184862,-0.174098,OSM,0.53,786212491,Hospital,61.440936867127164
Green Shed Hospital,Hospital,6.1947913,-2.3273295,OSM,0.53,962283055,Hospital,17.452284443739806
Greenville Hospital,Hospital,5.7288187,0.0348352,"OSM,HDX,healthsites",0.81,11935637127,Hospital,74.71897317949181
Gumani Clinic,Hospital,9.4381682,-0.8364051,OSM,0.53,1160668465,Hospital,100.58798868010605
Gushiegu Government Hospital,Hospital,9.9298768,-0.2137065,OSM,0.63,697279762,Hospital,79.41403113626707
HEALTH CENTER,Hospital,5.9132585,-2.1250455,"OSM,HDX",0.67,13540377132,Hospital,49.66605857001662
HTU Clinic,Hospital,6.5983314,0.4650151,OSM,0.53,700860025,Hospital,35.59437265722339
Hain Polyclinic,Hospital,10.6925153,-2.4359607,"OSM,HDX,healthsites",0.82,12953710337,Hospital,182.73100095512427
Hajj Abdulai Yaro Memorial and Maternity Clinic,Hospital,5.585305,-0.1994805,OSM,0.53,710756868,Hospital,73.53848525646535
Half-Assini Government Hospital,Hospital,5.0536117,-2.8904725,OSM,0.53,851999247,Hospital,132.64088928850532
Ho Municipal Hospital,Hospital,6.6097972,0.4683804,OSM,0.53,700860068,Hospital,36.39213980809098
Ho Royal Hospital,Hospital,6.6311767,0.4774661,OSM,0.53,788120792,Hospital,38.240749882513995
Ho Teaching Hospital,Hospital,6.601217,0.4845129,OSM,0.53,252198855,Hospital,37.73269196404003
Hohoe Municipal Hospital,Hospital,7.1576668,0.47284,OSM,0.53,787650267,Hospital,81.5671683808612
Holy Family Hospital,Hospital,7.5916248,-1.9383163,OSM,0.53,678024895,Hospital,85.17339792468532
Holy Family Hospital,Hospital,7.4444666,-2.5879689,OSM,0.53,786233147,Hospital,139.62253006923137
Holy Family Hospital - Techiman,Hospital,7.5920208,-1.9396317,OSM,0.53,786243485,Hospital,85.30804017663357
Hospital Bungalow,Hospital,6.0676308,0.4005722,"OSM,HDX",0.67,12313457563,Hospital,53.48134915162737
Hôpital de Kouma-Apéyémé,Hospital,6.9771526,0.5579504,HDX,0.53,9275917829,Hospital,69.5105238511612
Inkoom Hospital,Hospital,5.6337052,-0.0983326,"OSM,HDX,healthsites",0.81,10537834823,Hospital,73.77685223827068
International Homeopatic Clinic,Hospital,5.635602,-0.16104,OSM,0.53,786943766,Hospital,70.21366528195928
International Maritime Hospital Ghana Limited,Hospital,5.6264872,-0.0267842,OSM,0.53,788661433,Hospital,78.84950769344093
International Medical & Dental Clinic,Hospital,5.6371824,-0.1646518,OSM,0.53,787397299,Hospital,69.8782495597116
International Mission Hospital,Hospital,6.0560359,0.9924101,OSM,0.53,465805352,Hospital,103.54234974044608
Jaang Clinic,Hospital,10.1975739,-2.4594702,OSM,0.53,786555100,Hospital,182.15745110780446
Jasikan District Hospital,Hospital,7.4016712,0.4638923,"OSM,HDX,healthsites",0.81,8614141931,Hospital,68.45183509335052
Jubail Specialist Hospital,Hospital,5.6256371,-0.052081,"OSM,HDX,healthsites",0.82,8071501404,Hospital,77.31043664993823
Kabsad Scientific Hospital,Hospital,9.3988903,-0.8274158,OSM,0.53,785921045,Hospital,104.90032477377095
Kade Government Hospital,Hospital,6.1007397,-0.8396296,OSM,0.53,722365663,Hospital,44.98197347454273
Kamina Medical Center,Hospital,9.4618245,-0.8490297,OSM,0.53,785946802,Hospital,98.03398878724914
Kaneshie Polyclinic,Hospital,5.5745779,-0.2309253,OSM,0.63,356767423,Hospital,73.43823852790182
Karikari Brobbey Hospital,Hospital,5.5310976,-0.2615955,OSM,0.53,192082873,Hospital,77.03189800967394
Kenop Care Hospital,Hospital,6.5349856,-0.7527185,OSM,0.53,786339065,Hospital,50.0036633890439
Keta Municipal Hospital,Hospital,5.8882846,0.9823,OSM,0.53,247155734,Hospital,112.41846002278356
Kete Krachi Goverment Hospital,Hospital,7.7943838,-0.056682,OSM,0.53,786563182,Hospital,4.890457011801852
Ketu South District Hospital,Hospital,6.1172968,1.180022,OSM,0.53,247224773,Hospital,119.8398069307847
Kibi Government Hospital,Hospital,6.1670503,-0.5552595,OSM,0.53,786224222,Hospital,12.697775706160225
King Medical Consult,Hospital,6.6639225,-1.6433981,"OSM,HDX,healthsites",0.81,11400048516,Hospital,51.751834724400986
Kintampo District Hospital,Hospital,8.051439,-1.7316744,OSM,0.53,786143439,Hospital,116.6861176099732
Kintampo South District Hospital,Hospital,7.8905503,-1.7731557,OSM,0.53,787652931,Hospital,101.88237812683258
Kissi Health Centre,Hospital,5.0871197,-1.5060483,"OSM,healthsites",0.68,1347744297,Hospital,162.5099327330263
Klagon Maternity Home and Clinic,Hospital,5.6646743,-0.0499192,OSM,0.53,787644965,Hospital,73.92825092995948
Komfo Anokye Teaching Hospital,Hospital,6.6967953,-1.6297951,OSM,0.53,556253601,Hospital,47.894793640914
Konongo Hospital,Hospital,6.6239645,-1.2172439,OSM,0.53,787185921,Hospital,51.11621423878907
Korle Bu Policlinic,Hospital,5.537867,-0.2234721,OSM,0.53,298258033,Hospital,77.54808875739407
Korle Bu Teaching Hospital,Hospital,5.5380807,-0.2272021,OSM,0.53,303162760,Hospital,77.39526046396061
Kpandai District Hospital,Hospital,8.4595344,-0.0230896,OSM,0.53,1147978509,Hospital,73.16163268437786
Kpoeta (Kpɔ̃ta) CHPs Compound,Hospital,6.9095649,0.5429336,OSM,0.53,1327489971,Hospital,62.75005864656402
Kropo Charity Hospital,Hospital,6.7235479,-1.6344718,OSM,0.53,613752958,Hospital,45.79005469740494
Kujooni CHPS,Hospital,9.6699231,0.1957063,OSM,0.53,1056198891,Hospital,132.70059171050713
Kumasi South Urban Health Centre,Hospital,6.6510373,-1.5859483,OSM,0.53,786230085,Hospital,49.816813212086224
Kwahu Afram Plains North District Helalth Directorate,Hospital,7.0470736,-0.0846019,"OSM,HDX,healthsites",0.92,8499154369,Hospital,67.54291206870789
La General Hospital,Hospital,5.5553984,-0.1664951,OSM,0.53,787139418,Hospital,77.9962911687789
Landmark Medical Center,Hospital,5.6535323,-0.075951,"OSM,HDX,healthsites",0.82,10957156755,Hospital,73.27286156404811
Langbensi,Hospital,10.4078938,-0.5608496,OSM,0.53,786246312,Hospital,27.413102156129717
Lapaz Community Hospital,Hospital,5.6354204,-0.2153604,"OSM,HDX,healthsites",0.92,2148020987,Hospital,67.7407601947605
Lapaz Community Hospital,Hospital,5.6087666,-0.2537327,OSM,0.53,310088363,Hospital,69.0519688986257
Lawra Municipal Hospital,Hospital,10.6429732,-2.887975,OSM,0.63,176388864,Hospital,230.52196954349444
Lebanon Community Hospital,Hospital,5.720567,-0.0578471,"OSM,HDX,healthsites",0.81,9845769217,Hospital,68.49551000916489
Lekma Hospital,Hospital,5.6031207,-0.1200129,OSM,0.53,785917727,Hospital,75.50488647419805
Lighthouse Hospital,Hospital,5.6480279,0.0243278,OSM,0.53,594675123,Hospital,80.47957227957707
Likpe Bakua Polyclinic,Hospital,7.1627998,0.5824888,"OSM,HDX,healthsites",0.81,8946872399,Hospital,87.84044692081551
Lister Hospital,Hospital,5.6193087,-0.1464704,OSM,0.53,785918690,Hospital,72.55144955284753
MBA Hospital,Hospital,5.6013092,-0.2568138,OSM,0.53,277028141,Hospital,69.73352688613664
MEDIMAFO Herbal Hope,Hospital,5.7180502,-0.2824956,"OSM,HDX,healthsites",0.81,11792815969,Hospital,56.577605427989816
Madonna Maternity Hospital,Hospital,6.7056154,-1.7207633,OSM,0.53,788125741,Hospital,53.49473922559761
Malikem Hospital,Hospital,5.6673984,-0.1166379,OSM,0.53,787641195,Hospital,69.54053836708874
Mamobi General Hospital,Hospital,5.5913638,-0.1990858,OSM,0.53,391750854,Hospital,72.93318502452692
Mampong Government Hospital,Hospital,7.0423793,-1.406451,OSM,0.53,786546871,Hospital,2.6748511800598167
Mamprobi Hospital,Hospital,5.5381795,-0.2452645,OSM,0.53,965030706,Hospital,76.78153785126257
Manhyia District Hospital,Hospital,6.702753,-1.6128358,OSM,0.53,786944629,Hospital,46.308789133723444
Mankranso Government Hospital,Hospital,6.8210441,-1.8627434,"OSM,HDX,healthsites",0.81,7473457978,Hospital,58.72035490859323
Manna Mission,Hospital,5.6070963,-0.1073743,OSM,0.53,542892105,Hospital,75.80189999108775
Margret Marquart Catholic Hospital,Hospital,6.9993371,0.3034363,OSM,0.53,213212229,Hospital,58.6025525070697
Mater Dei Hospital,Hospital,6.6737272,-1.6417885,OSM,0.53,787412584,Hospital,50.75067558343986
Matermity Ward,Hospital,6.5483082,-0.8663937,OSM,0.53,452698029,Hospital,60.18255230981894
Mauplus Health Care Service,Hospital,9.407349,-0.8375556,"OSM,HDX,healthsites",0.82,11539296141,Hospital,103.99905549126478
McHenly's Medical Centre,Hospital,5.632815,-0.1669205,"OSM,HDX,healthsites",0.91,9469866678,Hospital,70.19984568599769
Medical Village Mortuary,Hospital,8.2595616,0.5110961,OSM,0.53,1193052251,Hospital,77.0461033790761
Medifem Multi-Specialist Hospital & Fertility Centre,Hospital,5.6585279,-0.2060705,"OSM,HDX,healthsites",0.81,7958938806,Hospital,65.79017102563728
Meridian Clinic,Hospital,5.6456266,-0.0072616,OSM,0.53,764528088,Hospital,78.46893731400385
Methodist Hospital,Hospital,5.5552366,-1.5437239,"OSM,HDX,healthsites",0.91,10265776948,Hospital,125.13077112901348
Methodist Hospital Wenchi,Hospital,7.7380768,-2.1113099,OSM,0.53,786945525,Hospital,110.16223458288644
Metro Health Hospital,Hospital,6.7088582,-1.637644,"OSM,HDX,healthsites",0.81,9366656210,Hospital,47.304594858040986
Mother of God Hospital,Hospital,5.7109557,-0.0501738,OSM,0.53,786579765,Hospital,69.85643291454227
Mother-Love Hospital,Hospital,5.7165452,-0.1663593,"OSM,HDX,healthsites",0.92,7812008490,Hospital,62.05149941281889
Mount Olives Hospital,Hospital,7.5964225,-1.9228298,OSM,0.53,1110432871,Hospital,84.33242009576665
Mount Sinai Hospital,Hospital,6.7336564,-1.7295966,OSM,0.53,787461103,Hospital,52.01179930464134
NEUROCARE SPECIALIST SERVICE,Hospital,6.6481752,-1.6425177,"OSM,HDX,healthsites",0.81,12246425065,Hospital,53.16217095226156
Nadowli Hospital,Hospital,10.3635054,-2.6589413,OSM,0.53,787188341,Hospital,203.2124695222348
Nagel Memorial Hospital,Hospital,4.9016007,-1.7665727,OSM,0.53,655981415,Hospital,162.40720840563102
Nagel Memorial Hospital Annex,Hospital,4.9009369,-1.7646309,OSM,0.53,683879725,Hospital,162.576677660384
Nana Benie Memorial Health Centre,Hospital,5.0494087,-2.4797998,"OSM,HDX,healthsites",0.82,7581519435,Hospital,125.24862846699048
Nandom Hospital,Hospital,10.8389883,-2.7729897,"OSM,HDX,healthsites",0.91,13063928520,Hospital,222.29367590521167
Nanton Kurug Clinic (New),Hospital,9.6171526,-0.7453967,OSM,0.53,494834248,Hospital,80.97770196689166
Narh-Bita Hospital,Hospital,5.6580109,-0.0108035,OSM,0.53,786559578,Hospital,77.15239587844975
Neptune Medical Centre,Hospital,5.6494797,-0.0748858,"OSM,HDX,healthsites",0.81,7312485183,Hospital,73.71053850820978
New Crystal Hospital,Hospital,5.7367339,-0.0143811,OSM,0.53,786575138,Hospital,70.29335345798096
New Hope Clinic,Hospital,6.1092716,1.1598332,OSM,0.53,247117144,Hospital,118.05666345518927
New Jejeti Health Centre,Hospital,6.4759191,-0.6539157,OSM,0.53,786326334,Hospital,37.96203435774761
New Life Laboratory & Clinic,Hospital,9.3937253,-0.8210051,OSM,0.53,785924698,Hospital,105.45627212099639
New Tafo Government Hospital,Hospital,6.2308156,-0.3660381,"OSM,HDX,healthsites",0.93,8279034723,Hospital,9.400531143903823
New Upper West Regional Hospital Site,Hospital,10.0872271,-2.5212674,OSM,0.53,406732179,Hospital,190.38884844205273
Ngleshie Amanfro Polyclinic,Hospital,5.5363505,-0.4112793,OSM,0.53,786598312,Hospital,73.7902596047481
Nkenkaasu Government Hospital,Hospital,7.3195232,-1.9027931,OSM,0.53,786599089,Hospital,64.21433773644105
Nkrankwanta Government Hospital,Hospital,7.0205959,-3.0532075,OSM,0.53,13626138309,Hospital,112.0528788025622
Nkwanta South Municipal Hospital,Hospital,8.2581225,0.5094212,OSM,0.53,786249348,Hospital,76.8024343987151
North Deseret Hospital,Hospital,5.6080307,-0.2787828,OSM,0.53,455565143,Hospital,68.32518995466
North Legon Hospital,Hospital,5.66942,-0.1824545,OSM,0.53,786339807,Hospital,65.8081004991502
Nova Surgery Center,Hospital,5.6530951,-0.1343793,OSM,0.53,787139863,Hospital,69.90118300392331
Nyaho Clinic,Hospital,5.6145561,-0.1849937,OSM,0.53,299668118,Hospital,71.18182830440807
Nyaho Medical Centre,Hospital,5.5514896,-0.2039394,"OSM,HDX,healthsites",0.81,5755779938,Hospital,76.84937156019241
Nyameadom Maternity Home,Hospital,5.5518626,-0.2643403,OSM,0.63,787118973,Hospital,74.73785201506975
Nyinahin Hospital,Hospital,6.6008109,-2.1097935,OSM,0.53,786554557,Hospital,62.15785801021948
Nzema Baptist Hospital,Hospital,5.0756155,-2.5424768,"OSM,HDX,healthsites",0.81,7746284986,Hospital,122.51799654214628
ODUMAN POLYCLINIC,Hospital,5.6421114,-0.3306611,OSM,0.53,1364744531,Hospital,63.29963556367441
ODUMAN POLYCLINIC,Hospital,5.6425277,-0.3308186,OSM,0.53,1364744532,Hospital,63.251023860218325
Obaatan Pa Womens Hospital,Hospital,5.6310246,-0.1687017,OSM,0.53,786328111,Hospital,70.29122405891808
Oda Government Hospital,Hospital,5.9284588,-0.9857572,OSM,0.53,713953896,Hospital,66.98748750690179
Offinso Health Center,Hospital,6.9379419,-1.6748899,OSM,0.53,788119913,Hospital,34.4768334866304
Opoku Agyemang Hospital,Hospital,7.5625319,-1.9370078,"OSM,HDX,healthsites",0.81,10875126402,Hospital,82.85671954307243
Osu Maternity Home Hospital,Hospital,5.553747,-0.185228,"OSM,HDX,healthsites",0.82,7308441494,Hospital,77.36536289592422
Otoo Memorial Clinic,Hospital,5.3544227,-0.6321839,OSM,0.53,791996627,Hospital,96.04222718445101
Owusu Memorial Hospital,Hospital,7.3271126,-2.332524,"OSM,HDX,healthsites",0.81,10913158607,Hospital,108.85666773975575
Paga District Hospital,Hospital,10.9704923,-1.1009057,OSM,0.53,13630002240,Hospital,76.25685060779601
Pankese Community Health Planning and Services,Hospital,6.5081592,-0.8438128,OSM,0.53,1136498503,Hospital,55.46504611500381
Pantang Hospital,Hospital,5.717441,-0.1907869,OSM,0.63,786216093,Hospital,60.65852176108707
Peki Government Hospital,Hospital,6.5342926,0.2262564,OSM,0.63,787175812,Hospital,8.681825118320663
Pentecost Clinic,Hospital,5.95753,-1.878119,OSM,0.63,967252117,Hospital,71.56891401925252
Pishigu Clinic,Hospital,9.966885,-0.6472076,OSM,0.63,441237332,Hospital,45.39883692382598
Polyclinic,Hospital,7.5935608,-2.787848,OSM,0.53,788134117,Hospital,159.66437999516003
Power House Hospital,Hospital,6.7297338,-1.6202898,"OSM,HDX,healthsites",0.81,8523253501,Hospital,44.30925183585974
Presbyterian Eye Clinic,Hospital,7.0493041,-0.0774028,"OSM,HDX,healthsites",0.81,8499239350,Hospital,67.45169471051778
Presbyterian Primary Health Center,Hospital,8.5343751,-0.515382,OSM,0.53,786245429,Hospital,98.4974192750332
Princess Marie Louie Children's Hospital,Hospital,5.5446455,-0.2132424,OSM,0.53,316141751,Hospital,77.20882277618819
Pro Vita Specialist Hospital,Hospital,5.6523539,-0.0198046,OSM,0.53,786571709,Hospital,77.02703249078894
Provident Specialist Hospital,Hospital,5.6262736,-0.2364287,OSM,0.53,788137900,Hospital,67.84492264544198
Rabboni Christian Hospital,Hospital,5.3054494,-1.9930461,OSM,0.53,378121782,Hospital,111.17245991384142
Redeemer Hospital,Hospital,5.2842836,-2.0057638,"OSM,HDX,healthsites",0.81,9664393652,Hospital,112.54902994947581
Redeemer Hospital,Hospital,5.2896863,-1.9856584,OSM,0.53,527858076,Hospital,113.09346116549088
Resolve Medical Hospital,Hospital,5.6355198,-0.0784421,"OSM,HDX,healthsites",0.81,12986866088,Hospital,74.78189163344439
Rhema Rapha Medical Center,Hospital,5.5765896,-0.1394692,OSM,0.53,1373254008,Hospital,77.12150081423529
Ridge Hospital,Hospital,5.5622992,-0.1993902,OSM,0.53,298260306,Hospital,75.91017489670217
Roman Catholic Hospital,Hospital,6.5466382,-0.7733547,OSM,0.53,787195784,Hospital,52.5049398392231
Roseth community eye care,Hospital,6.7176919,-1.4656783,"OSM,HDX,healthsites",0.82,8566523856,Hospital,38.28727493829497
"S.D.A. Hospital, Kwadaso",Hospital,6.6996795,-1.6585978,"OSM,HDX,healthsites",0.83,12556609497,Hospital,49.505679108120646
SDA Hospital,Hospital,6.19789,-1.63915,"OSM,HDX,healthsites",0.81,7319284442,Hospital,93.57542788941953
SDA Hospital,Hospital,9.3997276,-0.8318801,OSM,0.63,154371093,Hospital,104.82114261086349
SICK,Hospital,6.8126582,-1.4265516,OSM,0.53,1486695323,Hospital,27.12742736613163
SICK BAY,Hospital,6.8126658,-1.4265491,OSM,0.53,13628500049,Hospital,27.126552510563503
SSNIT Hospital,Hospital,5.562561,-0.1821125,OSM,0.53,785855366,Hospital,76.59306776363796
SSNIT Mother and Child,Hospital,5.5551471,-0.1792964,OSM,0.53,597939156,Hospital,77.46996224844038
ST. DOMINIC CATHOLIC HOSPITAL,Hospital,6.0476654,-0.7984533,OSM,0.53,723537566,Hospital,42.59325526075992
Saint Martin D Porres Hostital,Hospital,6.1442201,0.0150767,OSM,0.53,1395340546,Hospital,41.42037872880849
Sakumono Community Hospital,Hospital,5.6224959,-0.0627493,OSM,0.53,786562321,Hospital,76.93931364968029
Salaga Hospital,Hospital,8.5427463,-0.5042297,OSM,0.63,1433596206,Hospital,98.58306726711099
Sam J Hospital,Hospital,5.6773994,-0.2030279,OSM,0.53,665805262,Hospital,64.02761281400812
Sam Jonah Clinic,Hospital,5.2450606,-2.0450918,OSM,0.53,382961412,Hospital,114.47457072003805
Samartex Hospital,Hospital,5.6158357,-2.5642588,OSM,0.53,621692284,Hospital,63.22971908390261
Samudure Hospital,Hospital,10.8205224,-0.055953,OSM,0.53,680116564,Hospital,97.14013801415778
Sape Agbo Memorial Hospital,Hospital,6.0972708,1.142875,OSM,0.53,247289779,Hospital,116.79076061320089
Savelugu District Hospital,Hospital,9.6192341,-0.8301155,OSM,0.53,757318733,Hospital,80.54936849474491
Sawia Health Center,Hospital,6.6135698,-1.5422574,OSM,0.53,1073125010,Hospital,51.74941426219631
Sawla-Tuna-Kalba District Hospital,Hospital,9.2639724,-2.4018927,OSM,0.53,1211688667,Hospital,212.35863103280408
Scanport Healthcare and Medical Imaging,Hospital,5.5328819,-0.2372229,"OSM,HDX,healthsites",0.93,11082706568,Hospital,77.6033376755956
Shai Osudoku New District Hospital,Hospital,5.8988653,-0.0914846,OSM,0.53,788123204,Hospital,51.68125547570665
Shai Osudoku Old District Hospital,Hospital,5.8853275,-0.0918681,OSM,0.53,787456161,Hospital,52.63557348935341
Shama Hospital,Hospital,5.0118315,-1.6353582,OSM,0.53,786526006,Hospital,159.98608632842655
Siloam Hospital,Hospital,6.7000574,-1.6608735,"OSM,HDX,healthsites",0.82,12556609496,Hospital,49.62640762520692
Soafa Scientific Herbal Hospital,Hospital,6.533256,-0.7505454,OSM,0.53,787194865,Hospital,49.70010515141976
Sogakope District Hospital,Hospital,6.0081681,0.6149822,OSM,0.53,786508244,Hospital,72.9990993810842
Sogakope Government Hospital,Hospital,6.0013869,0.5949088,"OSM,HDX,healthsites",0.81,8986152599,Hospital,72.05277933391929
Speed Hospital,Hospital,5.7478647,-0.029493,"OSM,HDX,healthsites",0.81,11415633024,Hospital,68.25379053399637
St Joseph's Orthopedic Hospital,Hospital,6.1009555,-0.2725859,OSM,0.53,787644126,Hospital,22.267836421469465
St Patrick Hospital,Hospital,6.9986394,0.2870534,"OSM,HDX,healthsites",0.81,8901935412,Hospital,58.072258085157394
St. Andrew Catholic Hospital,Hospital,5.9244617,0.0176784,"OSM,HDX,healthsites",0.81,10833790628,Hospital,59.864452432886566
St. Anthony's Hospital,Hospital,6.2407055,0.9890357,OSM,0.53,787180230,Hospital,95.46371839771606
St. Elizabeth Hospital,Hospital,6.9320854,-2.3580273,OSM,0.53,334626017,Hospital,84.12203317499564
St. Gregory Catholic Hospital,Hospital,5.5238733,-0.4753579,"OSM,HDX,healthsites",0.81,8006985111,Hospital,75.1380577751042
St. John of God Hospital,Hospital,7.1762749,-2.0976539,OSM,0.53,786238578,Hospital,79.81447528286036
"St. Joseph Hospital, Nkwanta South District",Hospital,8.2483862,0.5213683,OSM,0.53,787650933,Hospital,77.09453181888023
St. Kathryn's Hospital,Hospital,5.5876402,-0.2314676,"OSM,HDX,healthsites",0.82,11820233870,Hospital,72.05356261137435
St. Mark Hospital,Hospital,5.9677775,-1.7904634,OSM,0.53,787070875,Hospital,80.39828289335158
St. Martin De Porres,Hospital,4.9654539,-2.4694642,OSM,0.53,786207366,Hospital,134.54181130006265
St. Mary Theresa Hospital,Hospital,7.741993,0.5106135,OSM,0.53,1180753055,Hospital,58.03428336276361
St. Mary’s Hospital,Hospital,7.5863969,-2.7843065,OSM,0.53,787187388,Hospital,158.80777715881865
St. Theresia Hospital,Hospital,7.570285,-1.7040502,OSM,0.53,786550089,Hospital,67.01490131097108
Stanford Health,Hospital,5.2651828,-1.0203137,"OSM,HDX,healthsites",0.81,8070159326,Hospital,121.6246326832691
Star of Hope Hospital,Hospital,6.5054442,-2.4999113,"OSM,HDX,healthsites",0.81,9501906850,Hospital,35.80961384023201
Suhum Hospital,Hospital,6.0380137,-0.4446668,OSM,0.63,786228938,Hospital,18.212937963310598
Suntreso Government Hospital,Hospital,6.7027437,-1.6420416,OSM,0.53,675606453,Hospital,48.1374333066102
Sunyani Municipal Hospital,Hospital,7.3381182,-2.3290952,OSM,0.53,427745987,Hospital,108.83611910248773
Sunyani Regional Hospital,Hospital,7.3458253,-2.3141624,OSM,0.53,353537474,Hospital,107.50936038174432
Sweden Ghana Medical Centre,Hospital,5.7250381,-0.1148981,"OSM,HDX,healthsites",0.81,2154259341,Hospital,64.31033920566487
Tafo Government Hospital,Hospital,6.7246459,-1.6132878,OSM,0.63,788138716,Hospital,44.322540074345916
Takoradi Hospital,Hospital,4.8862953,-1.7529195,OSM,0.53,448577658,Hospital,164.62497424186557
Talensi District Hospital,Hospital,10.7139887,-0.7943048,OSM,0.53,761176940,Hospital,40.605600549036886
Tamale Teaching Hospital,Hospital,9.3913412,-0.8242204,OSM,0.53,689460480,Hospital,105.72691192856277
Tamale West Hospital,Hospital,9.4019248,-0.8508627,"OSM,HDX,healthsites",0.82,1791548336,Hospital,104.66089317934747
Tanoso Health Center,Hospital,7.4530987,-1.973263,OSM,0.53,786570172,Hospital,78.46275271584686
Tanoso community hospital,Hospital,6.698235,-1.7004398,"OSM,HDX,healthsites",0.82,7476292381,Hospital,52.57315129845231
Tantri Clinic,Hospital,5.1319352,-1.2712554,OSM,0.53,786538033,Hospital,149.5813404763962
Tarkwa Community Hospital,Hospital,5.2997664,-1.9888688,OSM,0.53,787116015,Hospital,111.94714222626897
Tarkwa Medical & Occupational Health Centre,Hospital,5.3109537,-1.9918634,OSM,0.53,620081032,Hospital,110.70651807836902
Tarkwa Mine Hospital,Hospital,5.3213487,-1.9906534,OSM,0.53,786241323,Hospital,109.77427241006198
Tarkwa Nsuaem Municipal Hospital,Hospital,5.3055277,-1.9763827,OSM,0.63,486409430,Hospital,112.08025663853972
Tech Hospital,Hospital,6.6860613,-1.5737447,OSM,0.63,786337395,Hospital,45.75033346476297
Tema General Hospital,Hospital,5.6742172,-0.0251551,OSM,0.53,358337142,Hospital,74.75988327119212
Tema Polyclinic,Hospital,5.6356521,-0.0067991,OSM,0.53,443765697,Hospital,79.3694948676998
Tema Women's Hospital,Hospital,5.665711,-0.0188758,OSM,0.53,786581483,Hospital,75.92904854462381
Tetteh Quarshie Hospital,Hospital,5.9216374,-0.1323741,OSM,0.53,786224221,Hospital,46.615477077227474
The Bank Hospital,Hospital,5.5851287,-0.162,OSM,0.53,788125655,Hospital,75.1969201303662
The Bank Hospital Anex,Hospital,5.5833186,-0.1608329,OSM,0.53,788125499,Hospital,75.43283253709966
Three Stone Hospital,Hospital,6.7156091,-1.6143899,"OSM,HDX,healthsites",0.81,9765873388,Hospital,45.21678686265476
Tizaa Specialist Hospital,Hospital,9.4488131,-0.8648842,OSM,0.53,785937438,Hospital,99.57369916682386
Tolon District Hospital,Hospital,9.4256714,-1.0510949,OSM,0.53,1117653578,Hospital,105.46146970267655
Trauma And Othopedic Hospital,Hospital,5.3729463,-0.6424154,OSM,0.63,689109517,Hospital,94.29712782481096
Tsibu Health Center,Hospital,6.5785123,0.2786247,"OSM,HDX,healthsites",0.81,7931271385,Hospital,16.249476104493066
Twumasiwaa Hospital,Hospital,5.6595378,-0.1480889,OSM,0.53,787138905,Hospital,68.53862108601157
UBIDS Hospital,Hospital,9.9906544,-2.4747012,"OSM,HDX,healthsites",0.81,8671720523,Hospital,187.327081593466
"UEW Hospital, North Campus.",Hospital,5.369996,-0.629601,OSM,0.63,1123907983,Hospital,94.29877460509502
USP Aképé,Hospital,6.265095,1.03382,HDX,0.53,10598913495,Hospital,99.51427157952344
USP Boade,Hospital,11.1156176,-0.0779551,HDX,0.53,8809422665,Hospital,116.30457731295536
USP Nyitoe,Hospital,6.6579332,0.6629,HDX,0.53,10567694868,Hospital,58.426549633187406
USP Yakedji,Hospital,9.0343381,0.4873135,HDX,0.53,12050797288,Hospital,147.38920479604928
USP de Tindjassi,Hospital,8.6473246,0.4539785,HDX,0.53,8147264210,Hospital,107.06526724316872
University Hospital,Hospital,5.105177,-1.2828358,OSM,0.53,786198572,Hospital,152.7108838343352
University of Ghana Hospital,Hospital,5.6517246,-0.1781069,OSM,0.53,278268702,Hospital,67.7769524792692
University of Ghana Medical Center Limited,Hospital,5.6318638,-0.1859247,OSM,0.63,464683570,Hospital,69.39428182900944
Unnamed Hospital,Hospital,6.5178085,0.4976908,"OSM,HDX,healthsites",0.61,7574692591,Hospital,37.21617941134696
Unnamed Hospital,Hospital,5.561609,-0.2141144,"OSM,HDX,healthsites",0.61,7727444139,Hospital,75.41023842572179
Unnamed Hospital,Hospital,5.5534886,-0.3232397,"OSM,HDX,healthsites",0.61,7777502131,Hospital,73.07346966599553
Unnamed Hospital,Hospital,6.692788,-1.7907041,"OSM,HDX,healthsites",0.61,9765912576,Hospital,60.04862850491593
Unnamed Hospital,Hospital,9.8262678,-2.6839137,"OSM,HDX,healthsites",0.61,10751464160,Hospital,214.00791296996005
Unnamed Hospital,Hospital,9.7107233,0.3199154,"OSM,HDX,healthsites",0.61,11013126270,Hospital,141.84879039427503
Unnamed Hospital,Hospital,9.6699604,0.1956762,"OSM,HDX,healthsites",0.61,11092611928,Hospital,132.69553404232195
Unnamed Hospital,Hospital,9.6709789,0.2478952,"OSM,HDX,healthsites",0.61,11096901399,Hospital,137.39829319164747
Unnamed Hospital,Hospital,6.6919796,-1.7894229,"OSM,HDX,healthsites",0.61,11301392321,Hospital,60.002817118653304
Unnamed Hospital,Hospital,9.7082103,0.2989421,"OSM,HDX,healthsites",0.61,12590628101,Hospital,139.9975856453776
Unnamed Hospital,Hospital,8.0451408,-1.7294138,"OSM,HDX,healthsites",0.61,12714857576,Hospital,115.94636530313466
Unnamed Hospital,Hospital,8.0451647,-1.7294245,"OSM,HDX,healthsites",0.61,12714857577,Hospital,115.94924911263618
Unnamed Hospital,Hospital,5.6060615,-0.225648,"OSM,HDX,healthsites",0.72,12917692821,Hospital,70.35475296915257
Unnamed Hospital,Hospital,6.040978,-0.4435667,"OSM,HDX",0.47,13533280018,Hospital,17.886710579026396
Unnamed Hospital,Hospital,6.8328495,-1.5050376,OSM,0.33,13646802474,Hospital,27.845310335240747
Unnamed Hospital,Hospital,5.1027601,-1.2588723,OSM,0.33,530780650,Hospital,151.32930825612988
Unnamed Hospital,Hospital,6.203002,-1.6847518,OSM,0.33,692241151,Hospital,88.54199986870404
Unnamed Hospital,Hospital,10.8000259,-0.8636579,OSM,0.33,786200586,Hospital,50.54061242758456
Unnamed Hospital,Hospital,8.366408,-0.4032706,OSM,0.33,786244937,Hospital,76.19431346237471
Unnamed Hospital,Hospital,5.6920808,0.0585794,OSM,0.33,786256694,Hospital,79.45056397155616
Unnamed Hospital,Hospital,5.518498,-0.3876228,OSM,0.33,787066117,Hospital,75.9406348520625
Unnamed Hospital,Hospital,6.6208128,-1.203852,OSM,0.33,787186104,Hospital,51.994529324241185
Unnamed Hospital,Hospital,5.7726891,-0.140302,OSM,0.33,787454634,Hospital,58.38105006724812
Unnamed Hospital,Hospital,6.7052814,-1.562733,OSM,0.33,909172923,Hospital,43.3038050168023
Unnamed Hospital,Hospital,6.7067929,-1.5676185,OSM,0.33,909173148,Hospital,43.402539446065006
Unnamed Hospital,Hospital,10.0836357,-2.5264358,OSM,0.33,929222972,Hospital,191.00987982279483
Unnamed Hospital,Hospital,6.6972886,-1.6344459,OSM,0.33,1136999444,Hospital,48.14165961072528
Unnamed Hospital,Hospital,6.0807323,0.0414397,OSM,0.33,1149193367,Hospital,47.04171436496552
Unnamed Hospital,Hospital,9.7105843,0.3196959,OSM,0.43,1185606287,Hospital,141.83555002758374
Unnamed Hospital,Hospital,6.0014462,0.5948889,OSM,0.33,1220212696,Hospital,72.04641233545594
Unnamed Hospital,Hospital,5.3722123,-0.6415998,OSM,0.33,1293699868,Hospital,94.35535701096093
Unnamed Hospital,Hospital,5.2075597,-0.939375,OSM,0.33,1372132323,Hospital,122.86121123607232
Unnamed Hospital,Hospital,9.3671673,-0.7830944,OSM,0.33,1387590974,Hospital,108.39931717124145
Unnamed Hospital,Hospital,10.8392307,-2.7729321,OSM,0.33,1421585934,Hospital,222.2940472156726
Unnamed Hospital,Hospital,10.2727642,0.2078822,OSM,0.33,1474934137,Hospital,111.08446946102164
Unnamed Hospital,Hospital,10.2727759,0.2074619,OSM,0.33,1474934138,Hospital,111.03846069661934
Unnamed Hospital,Hospital,10.2453859,0.4040447,HDX,0.33,9145262927,Hospital,132.749344473436
Urology & Nephrology Centre of Excellence,Hospital,5.5417511,-0.2284332,OSM,0.63,980616603,Hospital,76.96706876236624
VRA Hospital,Hospital,6.2639983,0.0583854,OSM,0.53,786268732,Hospital,27.369161949084088
VRA Hospital & Pharmacy,Hospital,5.553983,-0.1807477,OSM,0.53,785927801,Hospital,77.52790524451484
Valco Clinic,Hospital,5.6524322,-0.0102335,OSM,0.53,788138027,Hospital,77.67435789162937
Valco Hospital,Hospital,5.6689757,0.0344766,OSM,0.53,786573050,Hospital,79.47576503950667
Valley View Adventist Hospital,Hospital,7.5746787,-1.9612904,OSM,0.53,788123691,Hospital,85.74171586450838
Valley View Clinic,Hospital,5.615057,-0.1982268,OSM,0.53,785886182,Hospital,70.5480799172509
Valley View University Hospital,Hospital,5.7980643,-0.1259236,OSM,0.53,459562807,Hospital,57.09330839562776
Vamed Engineering Site office,Hospital,5.5420474,-0.2291877,OSM,0.63,980617212,Hospital,76.90980299943772
Venyard,Hospital,11.0608825,-0.2593524,OSM,0.53,1482120418,Hospital,98.88783092447903
"Vittin Health Centre, Ghana Health Service",Hospital,9.3901638,-0.7932557,OSM,0.53,1384790408,Hospital,105.83867278004435
Wa Municipal Hospital,Hospital,10.0561922,-2.4974151,OSM,0.53,406732178,Hospital,188.3703668526343
War Memorial Hospital,Hospital,10.8824417,-1.0856657,OSM,0.63,406732167,Hospital,66.79149516747232
Wassa Akropong District Hospital,Hospital,5.7812109,-2.0836437,OSM,0.53,787082375,Hospital,62.722848638500864
Wassa Dunkwa Government Hospital,Hospital,5.774364,-2.5208175,"OSM,healthsites",0.68,1476776089,Hospital,45.257946413877676
Wegbe Kpalime Health Centre,Hospital,6.6544992,0.3431017,"OSM,HDX,healthsites",0.81,7781261486,Hospital,27.128120714737328
Weija-Gbawe Municipal Hospital,Hospital,5.5651494,-0.2903532,OSM,0.53,672667634,Hospital,72.58560026348518
Wellmark Specialist Hospital,Hospital,5.681192,-0.1933658,"OSM,HDX,healthsites",0.81,10285786226,Hospital,64.1072116402658
West End Hospital,Hospital,6.6834917,-1.6439443,OSM,0.53,786585321,Hospital,49.99392122191643
West Gonja Hospital,Hospital,9.0635758,-1.7992513,"OSM,HDX,healthsites",0.81,7620479757,Hospital,179.13822108111026
Worawora Hospital,Hospital,7.5165716,0.3723962,OSM,0.53,675328849,Hospital,52.657796705650654
X-Ray,Hospital,5.3721123,-0.6420214,"OSM,HDX,healthsites",0.81,8764779751,Hospital,94.37684064976055
Yeboah Hospital,Hospital,5.6322891,-0.1522568,OSM,0.53,787456916,Hospital,70.98178762158774
Yendi Hospital,Hospital,9.4456184,-0.0037406,OSM,0.53,218967497,Hospital,132.79038261870085
Yentumi Boaitey Memorial Hospital,Hospital,6.6867985,-1.5850403,OSM,0.53,787171744,Hospital,46.25974262316374
Yilo Krobo District Hospital,Hospital,6.0699971,-0.029313,"OSM,HDX,healthsites",0.81,11181499537,Hospital,48.420909883210385
Yizura Hospital,Hospital,8.0467708,-1.7276745,"OSM,HDX,healthsites",0.81,10235810501,Hospital,116.05409767256457
Zambrama Ghana Health Service,Hospital,7.9917055,-1.3979506,OSM,0.53,788138476,Hospital,103.65779064645027
Zebilla District Hospital,Hospital,10.9368919,-0.4733207,OSM,0.53,787181131,Hospital,74.58305620271877
Zion Praise Hospital,Hospital,6.8417548,-1.5135318,"OSM,HDX,healthsites",0.81,9993853912,Hospital,27.454085314301828
divine grace hospital,Hospital,6.8459841,-1.4059779,"OSM,HDX",0.67,13526885782,Hospital,23.170654916319563
hopeXchange Medical Center,Hospital,6.6607855,-1.6561898,OSM,0.63,676779510,Hospital,52.829440055082024
hospital,Hospital,10.937179,-0.471984,OSM,0.53,1353970278,Hospital,74.6817611230563
hospital grounds,Hospital,5.4807917,-0.5653234,OSM,0.53,1037981801,Hospital,80.91546213403507
matflex physiotherapy center,Hospital,6.7453933,-1.6181887,"OSM,HDX",0.77,13138309811,Hospital,42.777246426129494
north campus,Hospital,5.3700774,-0.6296252,"OSM,HDX",0.67,13546712854,Hospital,94.2905615371229
peace And love Hospital,Hospital,6.7061049,-1.5306523,"OSM,HDX,healthsites",0.81,11400065120,Hospital,41.735569198613035
saboba gov't hospital,Hospital,9.7077503,0.2996998,"OSM,HDX",0.67,12590628012,Hospital,140.09504746400728
saboba government hospital,Hospital,9.7079195,0.299158,"OSM,HDX,healthsites",0.81,12590628102,Hospital,140.03429888738728
Abura Medical Laboratory,Laboratory,5.1290163,-1.2746622,"OSM,HDX,healthsites",0.81,6588788818,Other,150.06762644390471
BDS Laboratories Ldt.,Laboratory,10.783377,-0.8502096,"OSM,HDX,healthsites",0.81,6853310742,Other,48.53832289429772
Baika Health Centre Laboratory,Laboratory,7.2350735,0.5314207,"OSM,HDX,healthsites",0.81,8927743039,Other,86.49276109442474
CHEMISTRY LAB.,Laboratory,9.3902914,-0.8125741,"OSM,HDX,healthsites",0.81,11177647340,Other,105.8232755739483
Edinam Medical Center,Laboratory,5.7227466,-0.2209579,"OSM,HDX,healthsites",0.81,12969532875,Other,58.643351608186684
Gene Lab,Laboratory,5.6405349,-0.1453627,"OSM,HDX,healthsites",0.81,9236170976,Other,70.52989574877479
Global Medical Solutions,Laboratory,5.5558019,-0.1661602,"OSM,HDX",0.67,13527381056,Other,77.9700798571332
Iqurate Laboratory Consult Limited,Laboratory,10.7868848,-0.8533796,"OSM,HDX,healthsites",0.81,7057170029,Other,48.96165481950733
Labs,Laboratory,10.8681197,-1.076654,"OSM,HDX,healthsites",0.81,9489482983,Other,64.93133638166945
Leding Medical Laboratory,Laboratory,5.6448208,-0.1560845,"OSM,HDX,healthsites",0.81,10655643017,Other,69.55621795710144
Life Sciences Medical Centre,Laboratory,5.1324402,-1.2665623,"OSM,HDX,healthsites",0.81,9923395862,Other,149.21992385365434
MDS- Lancet Laboratories,Laboratory,6.0958048,-0.2581471,"OSM,HDX,healthsites",0.81,6535358017,Other,23.936924737649402
MDS-Lancet,Laboratory,5.5356079,-0.2284102,"OSM,HDX,healthsites",0.81,7629520515,Other,77.61332955211402
MDS-Lancet Laboratories,Laboratory,5.6383328,-0.2109724,"OSM,HDX,healthsites",0.81,7631821113,Other,67.62822757822225
MDS-Lancet Laboratories,Laboratory,5.6015111,-0.1206506,"OSM,HDX,healthsites",0.81,12025135949,Other,75.62758356282711
MDS-Lancet Laboratories,Laboratory,5.6228624,-0.073254,"OSM,HDX,healthsites",0.82,12027874182,Other,76.26947465053028
Nana Amoako Diagnotic Limited,Laboratory,6.1875114,-2.325109,"OSM,HDX,healthsites",0.82,7697394222,Other,17.651263965841814
Paradise Diagnostic Centre,Laboratory,5.6079541,-0.2535423,"OSM,HDX,healthsites",0.81,10274985522,Other,69.14394483430951
Quest Medical Imaging,Laboratory,5.6229316,-0.0731785,"OSM,HDX,healthsites",0.81,11022159300,Other,76.26756710617929
Raaj Specialist Scan,Laboratory,5.133313,-1.2641626,"OSM,HDX,healthsites",0.81,8910220575,Other,148.98151190520045
RayBen Laboratories & Imaging,Laboratory,6.7033468,-1.6435151,"OSM,HDX,healthsites",0.81,6603279912,Other,48.17975238839703
Synlab Medical Laboratory,Laboratory,5.5357744,-0.2276164,"OSM,HDX,healthsites",0.82,11925670069,Other,77.62319484782748
Ultra Lab Diagnostic Center,Laboratory,5.6460848,-0.1472421,"OSM,HDX,healthsites",0.81,5756412277,Other,69.89064255941588
Unnamed Laboratory,Laboratory,6.0974595,-0.2566493,"OSM,HDX,healthsites",0.61,6481547290,Other,23.991893192111785
Unnamed Laboratory,Laboratory,5.8301622,-2.8206659,"OSM,HDX,healthsites",0.61,8172242763,Other,53.8426223472
Unnamed Laboratory,Laboratory,5.715238,-0.187931,"OSM,HDX,healthsites",0.61,12288248986,Other,61.021718302322505
Unnamed Laboratory,Laboratory,6.6615595,-1.8205223,"OSM,HDX",0.47,12345840300,Other,64.80942115679167
Unnamed Laboratory,Laboratory,5.5790253,-0.1997322,OSM,0.43,705186383,Other,74.17346652015787
Unnamed Laboratory,Laboratory,5.5824391,-0.1967288,OSM,0.33,711090001,Other,73.9461400692074
Unnamed Laboratory,Laboratory,4.9041732,-2.0664777,OSM,0.33,956043674,Other,148.70516235190888
Wellnest Diagnosis Center,Laboratory,6.675679,-1.6038946,"OSM,HDX,healthsites",0.81,11155042661,Other,48.35036359059204
X-Ray Unit,Laboratory,5.8300308,-2.8215024,"OSM,HDX,healthsites",0.81,8172265680,Other,53.917171489212514
3G Medical Diagnosis,Other,5.6051432,-0.0782133,"OSM,HDX,healthsites",0.61,6673315763,Other,77.63479174339628
A.C.T. Diagnostics,Other,5.1296588,-1.271568,"OSM,HDX",0.47,5588701984,Other,149.80193276973006
Amasha Partners Ltd,Other,6.0957094,-0.2580883,"OSM,HDX,healthsites",0.62,6535367088,Other,23.947796350069034
Asato Community Centre,Other,7.5395086,0.4394107,"OSM,HDX",0.47,8645222394,Other,57.47911879882118
Comprehensive Telemedicine Ghana,Other,5.6456952,-0.1444839,"OSM,HDX",0.47,5756412280,Other,70.07368923454672
Cyrus Physiotherapy and Rehabilitation Centre,Other,5.7626169,-0.192819,"OSM,HDX",0.47,8240196694,Other,56.17381208447421
Evergreen Natural Wellness Herbal Shop,Other,5.6193383,-0.0920118,"OSM,HDX,healthsites",0.61,7046135614,Other,75.49791633490375
Eye Unit,Other,5.8301637,-2.8209346,"OSM,HDX,healthsites",0.61,8172268372,Other,53.86306980101434
Global Medical Solutions,Other,5.3449023,-0.6229792,"OSM,HDX",0.47,9627637921,Other,96.85960987287979
Gulumpe CHIP Compound,Other,8.5053029,-1.5736218,"OSM,HDX",0.47,6535951454,Other,161.78719062805553
Happy Health Haven,Other,5.6689807,-0.1865993,"OSM,HDX,healthsites",0.61,10603826855,Other,65.6494050601999
JM Wadhwani( pathology department),Other,5.58883,-0.184265,"OSM,HDX",0.47,7038890323,Other,73.82227515217022
Lotus Opticals,Other,5.6219755,-0.056552,"OSM,HDX,healthsites",0.61,10997377832,Other,77.36790872087366
Marie Stopes Ghana,Other,4.9137369,-1.7868283,"OSM,HDX",0.47,8039365763,Other,160.14280133108232
Menaba Herbal Center,Other,5.6192469,-0.0924526,"OSM,HDX,healthsites",0.61,7046135638,Other,75.48121330593841
Out Patient Department,Other,7.5163641,0.3728615,"OSM,HDX",0.47,8620727868,Other,52.712777495021136
Out Patient Department,Other,6.784763,0.4447492,OSM,0.33,930760653,Other,45.24985489980241
Saboro Vertinary Centre,Other,10.909332,-1.0941124,"OSM,HDX",0.47,8180022975,Other,69.85788558553303
Sickbay,Other,5.6063383,-0.0652657,OSM,0.43,1079468384,Other,78.28541418754423
UEW Counselling Centre,Other,5.3631152,-0.6313598,"OSM,HDX",0.47,7387847592,Other,95.083808276631
Unnamed Other,Other,6.0973876,-0.2568887,"OSM,HDX",0.27,6481547295,Other,23.972588515304917
Unnamed Other,Other,10.7020201,-1.2768231,OSM,0.13,729989333,Other,65.00987573837725
Unnamed Other,Other,8.500009,0.2988268,OSM,0.13,966245147,Other,84.8723877817959
Unnamed Other,Other,8.3492081,0.0477183,OSM,0.13,1146839430,Other,61.3107955347333
Van-J Eye Care,Other,5.5708323,-0.2326598,"OSM,HDX,healthsites",0.61,5952622192,Other,73.76837004390532
180 Plus Pharmacy,Pharmacy,6.4589467,-2.310808,"OSM,HDX,healthsites",0.83,7755276266,Other,36.15743046458176
1911 Drug Store,Pharmacy,6.5288329,0.2343504,"OSM,HDX,healthsites",0.81,8541483717,Other,9.11327688242828
1st Champions Pharmacy,Pharmacy,5.6005147,-0.2006455,"OSM,HDX,healthsites",0.81,6115657385,Other,71.93061241263446
24 Hour Pharmacy,Pharmacy,6.6955934,-1.628804,OSM,0.53,556149723,Other,47.94312775175023
24hr Pharmacy,Pharmacy,9.3956321,-0.8261994,"OSM,HDX,healthsites",0.82,7133423371,Other,105.25734213142519
24hrs Pharmacy,Pharmacy,5.5654645,-0.1790649,"OSM,HDX,healthsites",0.81,5893538876,Other,76.42637045365863
37 Pharmacy,Pharmacy,5.58797,-0.183796,"OSM,HDX,healthsites",0.82,7038861920,Other,73.93014440923415
3A Pharmacy,Pharmacy,5.5950592,-0.2330656,"OSM,HDX,healthsites",0.81,5966273994,Other,71.22072425224296
3rd Gate Pharmacy,Pharmacy,5.6858028,-0.1500011,"OSM,HDX,healthsites",0.82,4400511089,Other,65.90196135597643
4 Corners Herbal Centre,Pharmacy,5.2924486,-2.7767363,"OSM,HDX,healthsites",0.93,7325524085,Other,103.56016723359917
7 Days pharmacy,Pharmacy,6.7504784,-1.642154,"OSM,HDX,healthsites",0.81,6533691846,Other,43.98855930797396
A & E Pharmacy,Pharmacy,5.2671901,-1.0172193,"OSM,HDX,healthsites",0.81,8070175973,Other,121.25628020770522
A & E Pharmacy,Pharmacy,5.2650332,-1.0204381,"OSM,HDX,healthsites",0.81,8070178813,Other,121.64594329850843
A. O. Pharmacy,Pharmacy,5.5765281,-0.2169455,"OSM,HDX,healthsites",0.82,6369964730,Other,73.75270913858553
A.B. Chemist,Pharmacy,5.3745024,-0.6396927,"OSM,HDX,healthsites",0.82,8996841594,Other,94.0605200558507
ACP,Pharmacy,6.7756912,-1.6443116,"OSM,HDX,healthsites",0.81,10726712757,Other,42.05728394103102
ADD Pharma,Pharmacy,5.576906,-0.2545548,"OSM,HDX,healthsites",0.82,9041902863,Other,72.38485411756355
ATM Pharmacy,Pharmacy,4.9170592,-1.776552,"OSM,HDX,healthsites",0.81,7745167712,Other,160.37485521470327
Aban Aziz,Pharmacy,9.7968881,-2.4925249,"OSM,HDX,healthsites",0.81,13196253472,Other,194.88411237204548
Aboabo Drug Store,Pharmacy,6.1177538,-0.2347289,"OSM,HDX,healthsites",0.81,6256498497,Other,25.22060380683926
Abokobi Pharmacy,Pharmacy,5.7317627,-0.2049847,"OSM,HDX,healthsites",0.82,10302249979,Other,58.527997830386624
Accura Pharmacy,Pharmacy,5.1120657,-1.2789041,"OSM,HDX,healthsites",0.83,7316763985,Other,151.84083168353106
Achesta Pharmaceutical,Pharmacy,5.5481009,-0.2091823,"OSM,HDX,healthsites",0.81,12726535701,Other,77.00084169551701
Acts Pharmacy,Pharmacy,5.5986191,-0.0994175,"OSM,HDX,healthsites",0.81,9160879618,Other,77.0532947212582
Adabor Liberary,Pharmacy,9.4321795,-0.8593673,"OSM,HDX,healthsites",0.82,6657453049,Other,101.37095122881544
Add Pharma,Pharmacy,5.6003506,-0.1973401,"OSM,HDX,healthsites",0.81,7171466999,Other,72.08653916681536
Add Pharmacy,Pharmacy,5.5904117,-0.2303267,"OSM,HDX,healthsites",0.81,6376476022,Other,71.80625751537161
AdePharmacy,Pharmacy,6.0064466,0.6152706,"OSM,HDX,healthsites",0.81,8544169870,Other,73.15965345173383
Adenta Pharmacy,Pharmacy,5.7014775,-0.1719907,"OSM,HDX,healthsites",0.81,6293319260,Other,63.19892125452887
Adepa Pharmacy,Pharmacy,5.5993602,-0.1878245,"OSM,HDX,healthsites",0.81,5991635395,Other,72.59653460234684
Adepharma Limited - Wholesale Only,Pharmacy,5.9991558,0.5960627,"OSM,HDX,healthsites",0.81,6037962463,Other,72.3221435885696
Adniad Pharmacy,Pharmacy,5.7134964,-0.185588,OSM,0.53,506907120,Other,61.313605133902016
Adom Chemical Shop,Pharmacy,5.2969926,-2.0001702,"OSM,HDX,healthsites",0.81,4775971607,Other,111.60756333702312
Adonai Grace Pharmacy,Pharmacy,5.6158448,-0.237316,"OSM,HDX,healthsites",0.93,6279110349,Other,68.89664891916547
Afban Pharmacy,Pharmacy,6.6634474,-1.5357105,"OSM,HDX,healthsites",0.81,11009080913,Other,46.32391896414971
Agblor Pharmacy,Pharmacy,5.605566,-1.5475454,"OSM,HDX,healthsites",0.82,8416626844,Other,121.77114744223998
Agnes Allah Pharmacy,Pharmacy,5.2882138,-2.7717155,"OSM,HDX,healthsites",0.92,7329666985,Other,103.8334040275078
Agnes Boateng,Pharmacy,6.8503377,-1.3960604,"OSM,HDX,healthsites",0.81,4594011197,Other,22.60855904555153
Agnes Doris Pharmacy,Pharmacy,5.6388504,-0.7247921,"OSM,HDX,healthsites",0.81,7913715404,Other,69.56743305796476
Agya Nti,Pharmacy,7.0040968,-2.1669627,"OSM,HDX,healthsites",0.81,10876753202,Other,86.5222289482925
Agya OSEI,Pharmacy,6.8497107,-1.395652,"OSM,HDX,healthsites",0.81,4598936890,Other,22.67552928677016
Ahmed Iddrisu Chemical Seller,Pharmacy,9.4039954,-0.8854043,"OSM,HDX,healthsites",0.82,7047185832,Other,104.68901084774605
Aide Chemist Pharmacy,Pharmacy,5.6323698,-0.0763625,"OSM,HDX,healthsites",0.83,10965601562,Other,75.19951380363685
Aide Chemists,Pharmacy,5.6788371,-0.1750694,"OSM,HDX,healthsites",0.81,5730097211,Other,65.24857290045217
Aide Pharmacy,Pharmacy,5.7028992,-0.1506608,"OSM,HDX,healthsites",0.81,6234158807,Other,64.23148454371237
Aide Pharmacy,Pharmacy,5.7472575,-0.1894062,"OSM,HDX,healthsites",0.93,7331974110,Other,57.836601548260134
Aide Pharmacy,Pharmacy,5.680831,-0.1974867,"OSM,HDX,healthsites",0.81,7625364314,Other,63.94530445510285
Akpabe Pharmacy Limited,Pharmacy,5.6703643,-0.2054169,"OSM,HDX,healthsites",0.81,7634539648,Other,64.62477490456509
Al- Fridaws,Pharmacy,5.6462763,-0.3306562,"OSM,HDX,healthsites",0.81,11384651013,Other,62.848734785417335
Al-Adil Pharmacy,Pharmacy,6.70305,-1.5991518,"OSM,HDX,healthsites",0.81,11062114360,Other,45.47786028580987
Alaska Pharmacy,Pharmacy,5.6187279,-0.0543189,"OSM,HDX,healthsites",0.92,4479634129,Other,77.80398003616388
Alba,Pharmacy,6.6757428,-1.5607304,"OSM,HDX,healthsites",0.82,10777249683,Other,46.14768490622402
Albar Pharmacy,Pharmacy,6.6976838,-1.7022028,"OSM,HDX,healthsites",0.81,6091142233,Other,52.74796411494587
Albert A. Arma,Pharmacy,5.2916319,-2.7770656,"OSM,HDX,healthsites",0.93,7325598086,Other,103.65736385823418
Albert Mensah Cemical store,Pharmacy,6.1946355,-2.3231006,"OSM,HDX,healthsites",0.83,7619067100,Other,17.917469383934193
Alex K. Okwaisie Pharmarcy,Pharmacy,5.1769951,-1.1222592,"OSM,HDX,healthsites",0.81,8142883219,Other,135.92005266632407
Alex Tawiah Chemical Store,Pharmacy,5.5960672,-0.2167711,"OSM,HDX,healthsites",0.81,8070174468,Other,71.73455828910407
Alhaji Bisuomi,Pharmacy,9.3636544,-0.8322349,"OSM,HDX,healthsites",0.82,6657361524,Other,108.81040513916885
Alhaji Chemist,Pharmacy,9.219458,-1.8582225,"OSM,HDX,healthsites",0.81,5832704543,Other,170.12607251369153
Alive Pharmaceuticals (Wholesale),Pharmacy,5.5729043,-0.2540715,"OSM,HDX,healthsites",0.93,6261963936,Other,72.82368992199142
Alive Pharmacy,Pharmacy,5.6915146,-0.0325842,OSM,0.53,933801710,Other,72.75320393984099
All Drugs Pharmacy,Pharmacy,5.6089185,-0.1047896,"OSM,HDX,healthsites",0.81,9332433917,Other,75.76923999572693
Alley Pharmacy,Pharmacy,5.6676615,-0.117153,"OSM,HDX",0.67,13078655245,Other,69.48584554565019
Almas Pharmacy,Pharmacy,5.642612,-0.0034616,"OSM,HDX,healthsites",0.81,6453274999,Other,78.99145833027818
Alpat Pharmacy,Pharmacy,5.5218887,-0.46925,"OSM,HDX,healthsites",0.81,10284262083,Other,75.33137059753797
Alpat Pharmacy Limited,Pharmacy,6.1186148,1.1886932,"OSM,HDX,healthsites",0.81,6189309689,Other,120.69207304463245
Alpha Duo Pharma Ltd,Pharmacy,6.6799463,-1.6040538,"OSM,HDX,healthsites",0.81,5355072423,Other,47.95085065587944
Amanark Pharmacy,Pharmacy,5.6863487,-0.0292839,OSM,0.53,937058396,Other,73.42728953467163
American Pharmacy,Pharmacy,5.6449146,-0.0854334,"OSM,HDX,healthsites",0.82,10967499923,Other,73.4888253031654
Ami Pharmacy,Pharmacy,5.5933982,-0.2523777,"OSM,HDX,healthsites",0.81,7215950604,Other,70.71593645809158
Amicus Pharmacy,Pharmacy,6.0945611,-0.2564087,"OSM,HDX,healthsites",0.81,6310119701,Other,24.172191923117207
Amicus Pharmacy,Pharmacy,6.098555,-0.2628491,"OSM,HDX,healthsites",0.81,6395651958,Other,23.334142686262762
Amnex,Pharmacy,5.5880529,-0.0989871,"OSM,HDX,healthsites",0.81,5321471739,Other,78.09211730397402
Ampoma,Pharmacy,5.6679793,-0.2425542,"OSM,HDX,healthsites",0.81,10249860093,Other,63.286111415875865
Anasapharma Limited,Pharmacy,5.5611257,-0.1851768,"OSM,HDX,healthsites",0.81,5128390091,Other,76.61113265183705
Angola Road Chemists Limited,Pharmacy,5.5624183,-0.1873077,"OSM,HDX,healthsites",0.81,5128388438,Other,76.38989084719242
AnsaPharma,Pharmacy,5.5491314,-0.2298996,"OSM,HDX,healthsites",0.81,6974715277,Other,76.14115560805402
Anthony Evans Nyankey,Pharmacy,5.8226513,-2.8220206,"OSM,HDX,healthsites",0.81,8199137379,Other,54.54867474399485
Apanyin Pharmacy,Pharmacy,5.6795025,-0.1750682,"OSM,HDX,healthsites",0.81,10608637242,Other,65.18330254352622
Arlin Pharmacy,Pharmacy,5.6506956,-0.0710995,"OSM,HDX,healthsites",0.82,10912960050,Other,73.83397793964204
Armstrong Ampontuah,Pharmacy,5.2906085,-2.7775193,"OSM,HDX,healthsites",0.93,7325282485,Other,103.7805828596556
Asanco,Pharmacy,5.593446,-0.0944709,"OSM,HDX,healthsites",0.81,9351803221,Other,77.82255721019071
Ascot Pharmacy,Pharmacy,5.305091,-1.9881589,"OSM,HDX,healthsites",0.81,10593471821,Other,111.4729994609821
"Ascot Pharmacy, Wholesale",Pharmacy,5.6066778,-0.2479471,"OSM,HDX,healthsites",0.81,10307345655,Other,69.47150958375043
Aseda Nka Nyame Pharmacy,Pharmacy,5.548129,-0.2091956,"OSM,HDX,healthsites",0.81,12726535802,Other,76.99741811333304
Aseda Pharmaceuticals ltd,Pharmacy,5.1135097,-1.2483685,"OSM,HDX,healthsites",0.81,5781362108,Other,149.68127943881592
Ashaiman Pharmacy,Pharmacy,5.6847732,-0.0387008,"OSM,HDX,healthsites",0.82,5188828824,Other,72.9131062647401
Ashby's Pharmacy,Pharmacy,6.700006,-1.7110899,"OSM,HDX,healthsites",0.81,11145076619,Other,53.21529384916189
Ashgin Pharmacy,Pharmacy,5.128735,-1.2745168,"OSM,HDX,healthsites",0.82,6588784108,Other,150.08240441838197
Ashgin Pharmacy,Pharmacy,5.1038348,-1.2866986,"OSM,HDX,healthsites",0.94,7317073985,Other,153.08882472448352
Aslina Chemist,Pharmacy,6.7588843,-1.6455713,"OSM,HDX,healthsites",0.81,6533634741,Other,43.53045879995759
Asuo Afram Chemists Ghana Limited,Pharmacy,5.5830917,-0.1978917,OSM,0.63,705954643,Other,73.83114203307844
Asylum Down Pharmacy,Pharmacy,5.572353,-0.200136,"OSM,HDX,healthsites",0.82,4157336040,Other,74.84381537306604
Atis Pharmacy,Pharmacy,5.7486058,-0.1506539,"OSM,HDX,healthsites",0.81,9400800440,Other,59.93714058494645
Ato Drugstore,Pharmacy,5.6109061,-1.5498823,"OSM,HDX,healthsites",0.92,10284763704,Other,121.24166772286821
Atomic Road Pharmacy,Pharmacy,5.6677355,-0.2077111,"OSM,HDX,healthsites",0.81,10284183819,Other,64.78576786438606
Atta & Atta Pharmacy,Pharmacy,6.4675102,-0.8914768,OSM,0.53,1123740528,Other,57.31370978768675
Auguelix Herbal Shop,Pharmacy,5.6124819,-0.2430863,"OSM,HDX,healthsites",0.82,6290813562,Other,69.03628831907264
Augustine K.F. Allotey,Pharmacy,5.1043748,-1.2504478,"OSM,HDX,healthsites",0.81,8109186410,Other,150.63187795748146
Ave Maria Pharmacy,Pharmacy,5.1130245,-1.2535141,"OSM,HDX,healthsites",0.81,6512781822,Other,150.06349861869808
Avenue Chemist,Pharmacy,5.5973645,-0.2294546,"OSM,HDX,healthsites",0.81,7881397955,Other,71.11418485501639
Aviation Road Pharmacy,Pharmacy,5.6977946,-0.1468589,"OSM,HDX,healthsites",0.81,6253492898,Other,64.93180797827772
Axis Pharmacy,Pharmacy,5.5774921,-0.181968,"OSM,HDX,healthsites",0.81,6869905697,Other,75.07573995959216
Ayrton Drugs,Pharmacy,4.8965053,-1.7572389,"OSM,HDX,healthsites",0.81,7758303994,Other,163.40635786498487
Aython Drugs,Pharmacy,5.5946388,-0.2333549,"OSM,HDX,healthsites",0.81,5627808037,Other,71.25398900907939
Ayurveda Pharmacy,Pharmacy,7.0170222,0.3200009,"OSM,HDX,healthsites",0.82,12468087145,Other,60.98748744128295
Azater Health Services Limited,Pharmacy,5.6451441,-0.0882547,"OSM,HDX,healthsites",0.82,10967499922,Other,73.29812568224061
Azeko Sadiatu Salifu,Pharmacy,10.809208,-0.8548218,"OSM,HDX,healthsites",0.81,6989602447,Other,51.43321333488891
Azumah Pharmacy,Pharmacy,9.3972551,-0.8223062,"OSM,HDX,healthsites",0.82,10101323873,Other,105.06863200944609
B.B.S Pharmacy Limited,Pharmacy,5.6000568,-0.0831915,"OSM,HDX,healthsites",0.81,5714073663,Other,77.82807880026647
B4 Pharmacy,Pharmacy,6.0943025,-0.2584044,"OSM,HDX,healthsites",0.81,6388042409,Other,23.994755270569353
Baccenta Pharmacy,Pharmacy,5.6801082,-0.1730911,"OSM,HDX,healthsites",0.81,6772261844,Other,65.22505348090509
Baka Pharmacy,Pharmacy,9.4043346,-0.8769929,"OSM,HDX,healthsites",0.82,6644128284,Other,104.57647979489994
Ballis Pharmacy,Pharmacy,5.5698955,-0.2336629,"OSM,HDX,healthsites",0.81,5956713515,Other,73.83102861002044
Bankaman Pharmacy,Pharmacy,9.3811808,-0.8487882,"OSM,HDX,healthsites",0.82,6657361490,Other,106.94168946834861
Barliza pharmacy,Pharmacy,6.8041691,-2.5214984,"OSM,HDX,healthsites",0.82,6746063694,Other,68.92633540966418
Bart Brown,Pharmacy,5.7461765,-0.1785562,"OSM,HDX,healthsites",0.81,8708704008,Other,58.539587473938084
Baseline,Pharmacy,5.5518135,-0.2096227,"OSM,HDX,healthsites",0.81,7296409694,Other,76.59827738080115
Baseline,Pharmacy,5.5469989,-0.2099842,"OSM,HDX,healthsites",0.81,7727437261,Other,77.08524872332698
Baseline Pharmacy,Pharmacy,10.0554235,-2.505265,"OSM,HDX,healthsites",0.81,11361328455,Other,189.23260086393785
Beach Road Pharmacy,Pharmacy,5.5806842,-0.1069705,"OSM,HDX,healthsites",0.81,6492135185,Other,78.37498610431271
Beanathan Pharmacy,Pharmacy,5.6863921,-0.1944211,"OSM,HDX,healthsites",0.81,9229859744,Other,63.53897122684188
Bedita,Pharmacy,5.6279606,-0.1693977,"OSM,HDX,healthsites",0.82,7051293354,Other,70.56264828741463
Bedita Pharmacy Limited,Pharmacy,5.6119229,-0.2032496,"OSM,HDX,healthsites",0.81,1251736946,Other,70.65385260041703
Beked,Pharmacy,6.9637589,-1.6787319,"OSM,HDX,healthsites",0.81,10706432891,Other,33.91857529666548
Belah Pharmacy,Pharmacy,5.6758218,-0.1915603,"OSM,HDX,healthsites",0.81,5732666951,Other,64.72886688593387
Benalice,Pharmacy,5.6715518,-0.1898203,"OSM,HDX,healthsites",0.81,4972577043,Other,65.23789078700227
Benalice,Pharmacy,5.6353239,-0.2407495,"OSM,HDX,healthsites",0.81,7182261015,Other,66.7407990961275
Benatash Pharmacy,Pharmacy,5.567135,-0.2135498,"OSM,HDX,healthsites",0.82,7218556808,Other,74.85747276442764
Bencyn Pharmacy,Pharmacy,10.8903945,-1.0877145,"OSM,HDX,healthsites",0.84,2306715205,Other,67.67531895805142
Bencyn Pharmacy,Pharmacy,10.7836187,-0.8495675,"OSM,HDX,healthsites",0.81,7055472811,Other,48.557562274844585
Bendi Chemist Limited,Pharmacy,5.6308156,-0.2662486,"OSM,HDX,healthsites",0.81,10891973969,Other,66.30726962380146
Benedicta Twumwaa licensed shop,Pharmacy,6.2724839,-2.3169406,"OSM,HDX,healthsites",0.81,5126073022,Other,21.070864484263183
Benzu Pharmacy,Pharmacy,10.8723152,-1.0803368,"OSM,HDX,healthsites",0.81,9929446917,Other,65.52890323949431
Best Life Pharmacy,Pharmacy,7.3443303,-2.3021697,"OSM,HDX,healthsites",0.81,10237512924,Other,106.19655647248959
Biakoye,Pharmacy,5.5482459,-0.2092645,"OSM,HDX,healthsites",0.82,11281141572,Other,76.98266335689084
Big Maron Pharmacy,Pharmacy,5.6072496,-0.2569144,"OSM,HDX,healthsites",0.81,6314371221,Other,69.10388812071487
Bimex,Pharmacy,5.5981909,-0.2236812,"OSM,HDX,healthsites",0.81,7140706354,Other,71.2467271909577
Biolink Pharmacy,Pharmacy,5.9215504,-0.0517883,"OSM,HDX,healthsites",0.81,6016629534,Other,53.6006082225891
Biomed Pharmacia,Pharmacy,5.1147125,-1.2929303,"OSM,HDX,healthsites",0.81,6510966540,Other,152.5587233403808
Biotic Pharmacy,Pharmacy,5.6388538,-0.1240158,"OSM,HDX,healthsites",0.82,5819906953,Other,71.83790006390683
Biotic Pharmacy Limited,Pharmacy,5.5893791,-0.0988297,"OSM,HDX,healthsites",0.81,6700469570,Other,77.97307477079904
Biotic Pharmacy Limited,Pharmacy,5.5887491,-0.0989237,"OSM,HDX,healthsites",0.81,6930620869,Other,78.02856331520294
Blue Cross Pharmacy,Pharmacy,5.1411163,-1.2828604,"OSM,HDX,healthsites",0.81,6511815840,Other,149.571676363561
Blue Light Pharmacy,Pharmacy,10.02084,-2.4874583,"OSM,HDX",0.67,13534803218,Other,188.01644532622643
Boakye Ansah Pharmacy,Pharmacy,5.1120076,-1.2455582,"OSM,HDX,healthsites",0.82,6532592715,Other,149.63059083881006
BrainTree,Pharmacy,5.6323029,-0.1346255,"OSM,HDX,healthsites",0.82,6825058462,Other,71.89660451508976
Brakatu Pharmacy,Pharmacy,5.3048435,-1.9921114,"OSM,HDX,healthsites",0.82,3499968761,Other,111.28160274035726
Bridge View Pharmacy,Pharmacy,5.6455651,-0.2465863,"OSM,HDX,healthsites",0.81,7222513545,Other,65.45610518343658
Bridging Pharmacy,Pharmacy,4.9041657,-1.8023824,"OSM,HDX,healthsites",0.81,9609544143,Other,160.250864931256
Bright Kwasi Ameho,Pharmacy,5.7572346,-0.1916517,"OSM,HDX,healthsites",0.82,7332075463,Other,56.75439097647236
Bro.TONNY,Pharmacy,6.850168,-1.3970805,"OSM,HDX,healthsites",0.81,4594133293,Other,22.633395036635722
Brobbson Pharmacy,Pharmacy,5.621577,-0.0710815,"OSM,HDX,healthsites",0.81,4990644968,Other,76.51936295547208
Brobbson Pharmacy,Pharmacy,5.7232451,0.0178501,"OSM,HDX,healthsites",0.81,6466793970,Other,73.83187465414039
Bubune Pharmacy,Pharmacy,5.6515134,-0.2092634,"OSM,HDX,healthsites",0.81,8898883192,Other,66.35993670837185
Bucee Phamarcy,Pharmacy,5.1109978,-1.2445477,"OSM,HDX,healthsites",0.82,6532565401,Other,149.65448066006542
Burma Camp Pharmacy,Pharmacy,5.5972645,-0.1522941,"OSM,HDX,healthsites",0.81,9595320827,Other,74.44360610411314
C. T. Kpabitey,Pharmacy,5.5866884,-0.2060965,OSM,0.53,711850022,Other,73.12692094636776
CA Pharmacy,Pharmacy,5.7291853,-0.3127303,"OSM,HDX,healthsites",0.81,9602396228,Other,54.40951869711368
CBV,Pharmacy,5.6319752,-0.0953125,"OSM,HDX,healthsites",0.81,11128842745,Other,74.11488094768234
CEK Pharmacy,Pharmacy,6.0743135,1.0373913,"OSM,HDX,healthsites",0.81,11404156499,Other,107.10016174883337
CP,Pharmacy,6.2218955,-0.3655684,"OSM,HDX,healthsites",0.81,5535787467,Other,9.17252507451611
Calmart,Pharmacy,9.4493186,-0.8450981,"OSM,HDX,healthsites",0.81,6544013171,Other,99.39470443835067
Camden,Pharmacy,5.5762134,-0.1376386,"OSM,HDX,healthsites",0.81,7266056585,Other,77.24830760263276
Capa Chemist,Pharmacy,5.6520731,-0.0640532,"OSM,HDX,healthsites",0.81,6700736590,Other,74.15050781605906
Cape Coast Pharmacy,Pharmacy,5.1107306,-1.2442697,"OSM,HDX,healthsites",0.82,6532574094,Other,149.66013469574307
Cape Coast Pharmacy,Pharmacy,5.1115394,-1.2452745,"OSM,HDX,healthsites",0.82,6532592717,Other,149.65375720186643
Cape Pill Pharmacy,Pharmacy,5.1370121,-1.2790489,"OSM,HDX,healthsites",0.83,7313037097,Other,149.66771355128472
Cardinal Mensah,Pharmacy,5.613498,-0.2357984,"OSM,HDX,healthsites",0.93,6285113074,Other,69.1975767230414
Casablanca Pharmacy,Pharmacy,6.715766,-1.6337952,"OSM,HDX,healthsites",0.81,6088776924,Other,46.43670936577687
Cecilia S. Azabu,Pharmacy,10.78719,-0.8287724,"OSM,HDX,healthsites",0.82,6853284073,Other,48.76863170601624
Cedar Chemist,Pharmacy,5.6652651,-0.1300622,"OSM,HDX",0.67,12453587543,Other,68.97538616840653
Cel Chemist,Pharmacy,7.1528136,0.4755858,"OSM,HDX,healthsites",0.82,9526954311,Other,81.20948221295748
Celtics Pharmacy,Pharmacy,5.2866203,-1.9994694,"OSM,HDX,healthsites",0.81,10226504606,Other,112.65194964570705
Chamalt Pharmacy,Pharmacy,9.3983044,-0.8436615,"OSM,HDX,healthsites",0.81,1877213265,Other,105.024742586989
Chara Pharmacy,Pharmacy,5.5836669,-0.2083915,"OSM,HDX,healthsites",0.81,6198695885,Other,73.34668638554763
Charis Pharma,Pharmacy,5.6776032,-0.0467172,"OSM,HDX,healthsites",0.81,9150839718,Other,72.99651406579478
Chrismark,Pharmacy,5.5904421,-0.2552326,"OSM,HDX,healthsites",0.81,7198689151,Other,70.93261501174209
Christ is the Answer Licensed Over the Counter Medicine Seller,Pharmacy,6.1709673,-0.4269534,OSM,0.53,1412656512,Other,4.105134441859203
Christian Attuah Chemicals Shop,Pharmacy,6.2168228,-0.3666606,"OSM,HDX,healthsites",0.82,8438553051,Other,8.940154790833262
Christian Pharmacy,Pharmacy,5.5829907,-0.1049628,"OSM,HDX,healthsites",0.81,6492135186,Other,78.25829188108449
Citi Pharmacy,Pharmacy,6.6102479,0.4749558,"OSM,HDX,healthsites",0.82,6549372324,Other,37.08718010083589
City Chemicals,Pharmacy,5.3482088,-0.6286506,"OSM,HDX,healthsites",0.81,7388379167,Other,96.63093460487697
Claks Mosk Chemist,Pharmacy,5.5204002,-0.3279806,"OSM,HDX,healthsites",0.81,7775290904,Other,76.58005589561571
Classfam Pharmacy,Pharmacy,5.1132602,-1.2523838,"OSM,HDX,healthsites",0.81,8081791671,Other,149.96795874751174
Clinic Diagnostic Pharmacy,Pharmacy,5.5580563,-0.1539527,"OSM,HDX,healthsites",0.81,6917993313,Other,78.29043461169815
Cole Pharmacy,Pharmacy,5.5221313,-0.4738164,"OSM,HDX,healthsites",0.81,10284310237,Other,75.32339472527721
Colliers Pharmacy,Pharmacy,5.5733428,-0.2601958,"OSM,HDX,healthsites",0.81,8003263177,Other,72.58195472441011
Collins Owusu-Ansah,Pharmacy,10.791775,-0.7918257,OSM,0.53,725256413,Other,49.21388413625835
Country Pharmacy and Laboratory,Pharmacy,5.5848113,-0.2742495,"OSM,HDX,healthsites",0.81,10279563584,Other,70.93320859526725
Cramer Chemist,Pharmacy,4.8971823,-1.7652746,"OSM,HDX,healthsites",0.81,5046972668,Other,162.90381165140113
CrossRoad,Pharmacy,5.615293,-0.0735428,"OSM,HDX,healthsites",0.82,6470868779,Other,76.95754677039419
Crystal,Pharmacy,5.6609133,-0.2372601,"OSM,HDX,healthsites",0.81,7471974190,Other,64.22570301474931
Crystal Tabs Pharmacy,Pharmacy,5.6613387,-0.2371331,"OSM,HDX,healthsites",0.81,10249822220,Other,64.18688760670791
CureAid,Pharmacy,5.6924729,-0.1714043,"OSM,HDX,healthsites",0.83,5741247520,Other,64.10495438409885
D. B. Twumasi Chemicals OTC Medicine,Pharmacy,6.2132762,-1.6884994,"OSM,HDX,healthsites",0.81,6497613227,Other,88.1637890979573
DC Pharmacy,Pharmacy,6.2328892,0.0920081,"OSM,HDX,healthsites",0.81,11132284640,Other,29.323641034381428
DE-MAKS Pharmacy,Pharmacy,6.7006375,-1.5504453,"OSM,HDX,healthsites",0.81,4955246621,Other,43.171680961285404
Dadmum Pharmacy,Pharmacy,6.7513731,-1.642106,"OSM,HDX,healthsites",0.81,4881656377,Other,43.90953576004114
Danfoss chemicals,Pharmacy,5.2908988,-2.7772525,"OSM,HDX,healthsites",0.93,7325629086,Other,103.74084771704116
Daniel A. Tetteh ( Awokye Drug Store),Pharmacy,6.0164575,-0.0778634,"OSM,HDX,healthsites",0.81,6256037003,Other,45.678483738880765
Danpong Pharmacy,Pharmacy,5.6060936,-0.0772346,"OSM,HDX,healthsites",0.81,6419800386,Other,77.60233651124635
Danpong Pharmacy,Pharmacy,7.3348348,-2.3198918,"OSM,HDX,healthsites",0.81,6814427686,Other,107.75847072344844
Danpong Pharmacy,Pharmacy,6.6842228,-1.6377275,"OSM,HDX,healthsites",0.81,10695780025,Other,49.537667345499386
Dans Chemist,Pharmacy,5.5714395,-0.215788,"OSM,HDX,healthsites",0.82,5752197975,Other,74.32523895140505
Danslob Pharmacy Limited,Pharmacy,5.6494273,-0.2514864,"OSM,HDX,healthsites",0.81,7927557097,Other,64.87188507845562
Davjoel Pharmacy,Pharmacy,5.8886536,-0.0895671,"OSM,HDX,healthsites",0.81,6431425985,Other,52.58193388668646
Day By Day,Pharmacy,4.9000663,-1.7600591,"OSM,HDX,healthsites",0.81,6386095104,Other,162.9095945412543
Day and Night Pharmacy,Pharmacy,5.5302943,-0.26273,"OSM,HDX,healthsites",0.82,2026403682,Other,77.08434361839353
Day and Night Pharmacy,Pharmacy,9.3988177,-0.8304451,"OSM,HDX,healthsites",0.82,7133423365,Other,104.91718546558431
De Georges Pharmacy,Pharmacy,5.6358865,-0.0760935,"OSM,HDX,healthsites",0.82,9341180418,Other,74.88986988485539
De Georges Pharmacy,Pharmacy,5.6291336,-0.0763841,"OSM,HDX,healthsites",0.82,10965634840,Other,75.49868496052999
De Pablo Limited,Pharmacy,5.3457456,-0.6265315,"OSM,HDX,healthsites",0.81,7245552671,Other,96.84865239888225
Deccon Pharmacy,Pharmacy,5.622686,-0.070084,"OSM,HDX,healthsites",0.82,6470868773,Other,76.47646772324002
Declan Pharmacy,Pharmacy,5.5391993,-0.3993413,"OSM,HDX,healthsites",0.81,7777513011,Other,73.5570860820568
Deladem Pharmacy,Pharmacy,6.6068841,0.4726636,"OSM,HDX,healthsites",0.82,7574692594,Other,36.71690507971583
Delight Pharmacy,Pharmacy,6.0959401,-0.2562535,"OSM,HDX,healthsites",0.81,6924791879,Other,24.11206308490108
Delivery Chemist,Pharmacy,5.5546582,-0.3082233,"OSM,HDX,healthsites",0.81,7775772659,Other,73.27500495822623
Denis Donkor Chemist,Pharmacy,5.6147579,-0.2444351,"OSM,HDX,healthsites",0.93,6277014897,Other,68.74968157838327
Diplomat Pharmacy,Pharmacy,5.5991529,-0.0811755,"OSM,HDX,healthsites",0.81,10565336409,Other,78.02911234419298
Dipsy Pharmacy,Pharmacy,6.6897665,-1.6092094,"OSM,HDX,healthsites",0.81,5746742547,Other,47.311054606951274
Donatus Pharmacy,Pharmacy,7.5851616,-1.9409952,"OSM,HDX,healthsites",0.92,7572285985,Other,84.89023734881131
Done Care Pharmacy,Pharmacy,6.6979043,-1.6911193,"OSM,HDX,healthsites",0.81,6091146473,Other,51.9246237524645
Dong Steven Pharmacy,Pharmacy,6.6615485,-1.6735477,"OSM,HDX,healthsites",0.82,8307598131,Other,53.871039421435164
Doram Pharmacy,Pharmacy,9.4402302,-0.007056,"OSM,HDX,healthsites",0.82,6820953251,Other,132.99978512962838
Dosty pharmacy,Pharmacy,5.734147,0.0300712,"OSM,HDX,healthsites",0.82,11336521099,Other,73.92956199238105
Double Plus,Pharmacy,5.6870009,-0.1937976,"OSM,HDX,healthsites",0.81,7869275633,Other,63.50882283315119
Drag store,Pharmacy,5.6087926,-1.549832,"OSM,HDX,healthsites",0.92,10242246410,Other,121.36849151482143
Drug Store,Pharmacy,5.5349051,-0.6927307,"OSM,HDX,healthsites",0.81,4099430311,Other,78.73343961775369
Drug Store,Pharmacy,5.5451393,-0.7027459,"OSM,HDX,healthsites",0.81,5115858546,Other,78.06953361838458
Drug Store,Pharmacy,5.6062106,-1.5454687,"OSM,HDX,healthsites",0.92,10292767371,Other,121.92985163181314
Drug Store,Pharmacy,5.6132377,-1.5501787,"OSM,HDX,healthsites",0.92,10292767383,Other,121.07933020980425
Drug Store,Pharmacy,5.6137342,-1.5527295,"OSM,HDX,healthsites",0.92,10292767394,Other,120.80945281469334
Drug Store,Pharmacy,5.5956625,-1.5465644,"OSM,HDX,healthsites",0.81,10301699463,Other,122.4409174184032
Drug Store,Pharmacy,5.612162,-1.5422568,"OSM,HDX,healthsites",0.92,10301699469,Other,121.89129854773536
Drug Store,Pharmacy,5.6176515,-1.5359549,"OSM,HDX,healthsites",0.92,10301699474,Other,122.17753556314493
Drug Store,Pharmacy,5.6085744,-1.5371472,"OSM,HDX,healthsites",0.92,10313996593,Other,122.58102322711034
Drug Store,Pharmacy,5.6135847,-1.5486533,OSM,0.63,1245742586,Other,121.20376377913983
Drug store,Pharmacy,5.611875,-1.5498085,"OSM,HDX,healthsites",0.92,10266610826,Other,121.1927936253718
Drug store,Pharmacy,5.6122047,-1.5487343,"OSM,HDX,healthsites",0.92,10284772621,Other,121.27542299644894
Drug store,Pharmacy,5.6158203,-1.5503678,"OSM,HDX,healthsites",0.81,10292772121,Other,120.91310192171575
Duet Pharmacy,Pharmacy,5.7510951,-0.0164622,"OSM,HDX,healthsites",0.81,5051344421,Other,68.97802370084129
Dunamis Pharmacy Limited,Pharmacy,6.8026789,-2.517585,"OSM,HDX,healthsites",0.81,7258014287,Other,68.73742247179109
Dzigbordi Chemical Store,Pharmacy,6.1178137,1.1806674,"OSM,HDX,healthsites",0.81,3655509799,Other,119.88729347557828
E. A. K pharmacy,Pharmacy,6.6742869,-1.549379,"OSM,HDX,healthsites",0.81,11009047133,Other,45.78318083017382
E.B Pharmacy,Pharmacy,9.4012446,-0.8376991,"OSM,HDX,healthsites",0.82,6544018643,Other,104.67435734488203
ECP Pharmacy Wholesale,Pharmacy,5.6691692,-0.1769998,"OSM,HDX,healthsites",0.81,5209798229,Other,66.10310000339203
EDPA Pharmacy,Pharmacy,7.1567806,0.4773173,"OSM,HDX,healthsites",0.81,6715214855,Other,81.68786968793484
EFS-ESS Pharmacy,Pharmacy,4.9019648,-1.7669585,"OSM,HDX,healthsites",0.81,6226204623,Other,162.35115788217635
EPCL,Pharmacy,5.6473956,-0.1497059,"OSM,HDX,healthsites",0.81,3802490987,Other,69.63395626377866
EVP Pharmacy,Pharmacy,5.6605064,-0.2062095,"OSM,HDX,healthsites",0.81,5770056540,Other,65.58384572100158
East Cantoment Pharmacy,Pharmacy,5.5842028,-0.1606429,"OSM,HDX,healthsites",0.81,4400481906,Other,75.3528741206985
East Cantoments Pharmacy Retail,Pharmacy,5.5668626,-0.2147421,"OSM,HDX,healthsites",0.83,6217956936,Other,74.84043912989475
East Cantoments Pharmacy Retail,Pharmacy,5.5707694,-0.1765967,"OSM,HDX,healthsites",0.81,6387877453,Other,75.99270179846577
East Cantonments Pharmacy,Pharmacy,4.8961496,-1.7571942,"OSM,HDX,healthsites",0.81,7328643108,Other,163.4430312549855
East Cantonments Pharmacy,Pharmacy,5.6267741,-0.0852875,"OSM,HDX,healthsites",0.81,11128863916,Other,75.18946523823756
"East Cantonments Pharmacy Limited, Wholesale",Pharmacy,5.5506304,-0.3559071,"OSM,HDX,healthsites",0.81,5302018800,Other,72.79964734785518
Eastern Chemists,Pharmacy,6.0950327,-0.2608543,"OSM,HDX,healthsites",0.81,6362090188,Other,23.719592615167777
Eben Kweku Newton Licensed Chemical Shop,Pharmacy,5.7318913,-0.2033705,"OSM,HDX,healthsites",0.82,10691098344,Other,58.59713086064824
Ebenezer Chemist Limited,Pharmacy,5.5529127,-0.1995926,"OSM,HDX,healthsites",0.82,5486353373,Other,76.87158849207349
Ebenezer pharmacy,Pharmacy,5.5662908,-0.1835999,"OSM,HDX,healthsites",0.81,4927406375,Other,76.14893254173344
Ecp,Pharmacy,5.576467,-0.2745633,"OSM,HDX,healthsites",0.81,10284291156,Other,71.81335418836045
Ed-Joe,Pharmacy,5.6405047,-0.2105802,"OSM,HDX,healthsites",0.81,5775921566,Other,67.42341321007208
Edd Eddy,Pharmacy,5.6022145,-0.0802372,"OSM,HDX,healthsites",0.81,6433598787,Other,77.79372626703523
Eddyamps Pharmacy,Pharmacy,4.9107693,-1.7826115,"OSM,HDX,healthsites",0.81,9609535072,Other,160.65601621240856
Eden Royal,Pharmacy,5.6029632,-0.2564775,"OSM,HDX,healthsites",0.82,7207976460,Other,69.57033551775201
Edmida Pharmacy,Pharmacy,10.7936323,-0.8468535,OSM,0.53,737406049,Other,49.63005998319337
Eff-Ess Pharmacy,Pharmacy,4.9091724,-1.794923,"OSM,HDX,healthsites",0.81,9602324796,Other,160.15536747232957
Eleomax Pharmacy Limited,Pharmacy,5.6271097,-0.0674082,"OSM,HDX,healthsites",0.82,10967587026,Other,76.22918046617778
Elikplim Pharmacy,Pharmacy,6.1139666,1.19486,"OSM,HDX,healthsites",0.81,3319457082,Other,121.50899794423322
Elite Pharmacy ltd,Pharmacy,6.6852933,-1.5845007,"OSM,HDX,healthsites",0.81,5347282825,Other,46.37783736438337
Elizabeth Oppong License Chemical Shop,Pharmacy,5.6168827,-0.2424288,"OSM,HDX,healthsites",0.93,6277015915,Other,68.60024432880577
Elizabeth Sey Pharmacy,Pharmacy,5.6354138,-0.1874682,"OSM,HDX,healthsites",0.92,7147467169,Other,68.96614454709423
Emmasel Pharmacy,Pharmacy,5.5818167,-0.2083204,"OSM,HDX,healthsites",0.81,6198608186,Other,73.54052041875205
Emporium Pharmacy,Pharmacy,5.6413071,-0.1772622,"OSM,HDX,healthsites",0.92,4554919900,Other,68.85496519861677
Enerst Chemist,Pharmacy,5.5354565,-0.4194051,"OSM,HDX,healthsites",0.81,6953609643,Other,73.8473595963766
Eno Serwaah pharmacy,Pharmacy,6.2901832,-1.9712874,"OSM,HDX,healthsites",0.92,5423086824,Other,58.04112877461382
Enuko Princella,Pharmacy,5.8225908,-2.8264371,"OSM,HDX,healthsites",0.81,10675090382,Other,54.88963579928232
Equa Chemical Shop,Pharmacy,5.7003225,-0.1800937,"OSM,HDX,healthsites",0.81,4648209596,Other,62.88566133871632
Equity pharmacy,Pharmacy,5.6373107,-0.1502454,"OSM,HDX,healthsites",0.81,4349069300,Other,70.59180708963841
Eri Pharma Ltd,Pharmacy,5.6858032,-0.1509517,"OSM,HDX,healthsites",0.81,6234120412,Other,65.84960562549497
Eribel Pharmacy,Pharmacy,5.6276021,-0.2421981,"OSM,HDX,healthsites",0.81,4557990252,Other,67.49039867402207
Eric's Chemists,Pharmacy,6.2393408,0.0922965,"OSM,HDX,healthsites",0.81,3802489640,Other,28.627815030484378
Eric's Chemists,Pharmacy,5.6961969,-0.013351,"OSM,HDX,healthsites",0.81,3802490258,Other,73.71789580113443
Erisa Pharmacy,Pharmacy,6.7088274,-1.6372494,"OSM,HDX,healthsites",0.81,6702081250,Other,47.2816699884732
Ernbrid Pharmacy,Pharmacy,5.5634603,-0.2037071,"OSM,HDX,healthsites",0.81,6437976663,Other,75.61931868788712
Ernest Chemist,Pharmacy,5.6877696,0.000445,"OSM,HDX,healthsites",0.81,4350251990,Other,75.42138857754743
Ernest Chemist,Pharmacy,4.9030709,-1.7583276,"OSM,HDX,healthsites",0.81,4370881507,Other,162.71523661172952
Ernest Chemist,Pharmacy,5.6531812,-0.1791792,"OSM,HDX,healthsites",0.92,4943837822,Other,67.58013550261765
Ernest Chemist,Pharmacy,5.5798941,-0.2663247,"OSM,HDX,healthsites",0.81,5302018799,Other,71.69601713931092
Ernest Chemist,Pharmacy,5.5701016,-0.2120427,"OSM,HDX,healthsites",0.82,5752141742,Other,74.60735303176564
Ernest Chemist,Pharmacy,6.6709824,-1.6377614,"OSM,HDX,healthsites",0.81,6036653467,Other,50.75700553946114
Ernest Chemist,Pharmacy,6.7087918,-1.6365396,"OSM,HDX,healthsites",0.81,6091147586,Other,47.23873430943024
Ernest Chemist,Pharmacy,5.5709501,-0.2116421,"OSM,HDX,healthsites",0.82,6448601889,Other,74.53481877838685
Ernest Chemist,Pharmacy,5.5656641,-0.1987869,"OSM,HDX,healthsites",0.81,6478645121,Other,75.5873024519543
Ernest Chemist,Pharmacy,6.709285,-1.635742,"OSM,HDX,healthsites",0.81,6535948184,Other,47.14282270521088
Ernest Chemist Limited,Pharmacy,5.6432464,-0.1132529,"OSM,HDX,healthsites",0.81,5746072945,Other,72.01934029840469
Ernest Chemist Limited,Pharmacy,5.566062,-0.1899149,"OSM,HDX,healthsites",0.81,6050981938,Other,75.90810869069061
Ernest Chemist Limited,Pharmacy,5.6294492,-0.0906998,"OSM,HDX,healthsites",0.81,6305746078,Other,74.62112206511851
Ernest Chemist Limited,Pharmacy,5.6225389,-0.0724747,"OSM,HDX,healthsites",0.81,6700548830,Other,76.34629957136842
Ernest Chemists,Pharmacy,5.6048663,-0.2042209,"OSM,HDX,healthsites",0.93,3961469680,Other,71.33563668484388
Ernest Chemists,Pharmacy,6.7044114,-1.6255964,"OSM,HDX,healthsites",0.91,6495045149,Other,46.93749097879029
Ernest Chemists,Pharmacy,5.6077349,-0.1851469,"OSM,HDX,healthsites",0.81,8006375662,Other,71.86496799036037
Ernest Chemists East Legon Retail,Pharmacy,5.6339009,-0.1727902,"OSM,HDX,healthsites",0.82,4951010023,Other,69.80772778409201
Ernest Pharmacy,Pharmacy,5.6404802,-0.1512114,"OSM,HDX,healthsites",0.81,8572227217,Other,70.23169904137441
Ervian Pharmacy,Pharmacy,5.7595973,-0.1927327,"OSM,HDX,healthsites",0.81,8708737318,Other,56.468144910156916
Essel Pharmacy,Pharmacy,5.6091257,-0.1079987,"OSM,HDX,healthsites",0.81,6939763699,Other,75.57265899012161
Esther's Pharmacy Shop,Pharmacy,5.6104372,-0.2379649,"OSM,HDX,healthsites",0.93,6283465058,Other,69.43637365053313
Esthmark Pharmacy,Pharmacy,6.8462455,-1.4071821,"OSM,HDX",0.67,12567460845,Other,23.15527628859667
Ethical Pharmacy,Pharmacy,9.4445146,-0.8439082,"OSM,HDX,healthsites",0.82,1880289111,Other,99.91961842043777
Etornam Herbal Center,Pharmacy,5.601424,-0.0841606,"OSM,HDX,healthsites",0.81,5714066427,Other,77.64316564614545
Evanex Pharmacy,Pharmacy,5.0019315,-2.0250769,"OSM,HDX,healthsites",0.81,9064977857,Other,140.07307936625025
Evans Chemicals,Pharmacy,5.6113044,-0.2374146,"OSM,HDX,healthsites",0.82,7014066720,Other,69.36620355248968
Evepet Pharmacy,Pharmacy,5.5897393,-0.1308989,"OSM,HDX,healthsites",0.81,6753538057,Other,76.24836870999951
Ever Care Pharmacy,Pharmacy,5.8102892,-0.3351267,"OSM,HDX,healthsites",0.81,12568588022,Other,45.104030135034414
EverCare Pharmacy,Pharmacy,6.1284523,-0.2123742,"OSM,HDX,healthsites",0.81,6797165933,Other,27.15109725294168
Excel Pharmacy and Cosmetics,Pharmacy,5.617625,-0.2366886,"OSM,HDX,healthsites",0.93,6279110347,Other,68.73464829524914
Excora Pharmacy,Pharmacy,6.1959393,-2.3220987,"OSM,HDX,healthsites",0.83,7606543531,Other,18.03974539922626
Excora Pharmacy Limited,Pharmacy,5.8216526,-2.8216197,"OSM,HDX,healthsites",0.81,8207694287,Other,54.59885690791248
Eye Nyame,Pharmacy,6.8037281,-2.516134,"OSM,HDX,healthsites",0.81,6644101185,Other,68.8449452014916
Eye Plus Pharmacy,Pharmacy,5.5644498,-0.1800958,"OSM,HDX,healthsites",0.81,6795161816,Other,76.48580318549233
Eye of God Pharmacy,Pharmacy,10.8040756,-0.8457493,"OSM,HDX,healthsites",0.81,7089598505,Other,50.768900464663645
Faako Pharmacy,Pharmacy,9.4044686,-0.8672766,"OSM,HDX,healthsites",0.82,6643941879,Other,104.48495219556233
Fabby Pharmacy,Pharmacy,5.6087417,-0.0758663,"OSM,HDX,healthsites",0.81,5790774953,Other,77.43360523465958
Family Health Pharmacy,Pharmacy,5.1098879,-1.2481294,"OSM,HDX,healthsites",0.81,6573951078,Other,149.9882258599573
Familycare Pharmacy,Pharmacy,5.6122056,-0.2008376,"OSM,HDX,healthsites",0.81,1251736948,Other,70.72711222847471
Far-Habink Pharmacy,Pharmacy,9.4384702,-0.8623109,"OSM,HDX,healthsites",0.81,6876224125,Other,100.69661477356426
Fast Chemical Shop,Pharmacy,9.3934464,-0.8462911,OSM,0.53,562002740,Other,105.57401575091295
Fausvic Pharmacy (a mutti Pharmacy),Pharmacy,6.6881808,-1.569964,"OSM,HDX,healthsites",0.81,11398278713,Other,45.35230644392889
Fernando Chemists Ltd,Pharmacy,6.6758407,-1.5631031,OSM,0.53,568495653,Other,46.24855450129726
Fidelity Pharmacy,Pharmacy,5.5577586,-0.2691806,"OSM,HDX,healthsites",0.81,5287626004,Other,73.96628760030029
Firdaws Pharmacy Limited,Pharmacy,5.6236389,-0.29822,"OSM,HDX,healthsites",0.82,7837916785,Other,66.09931433181985
First Family Pharmacy,Pharmacy,6.6012129,0.4963294,"OSM,HDX,healthsites",0.81,10935406186,Other,38.96845588794295
Flexta Pharmacy,Pharmacy,5.5746838,-0.2379998,"OSM,HDX,healthsites",0.82,3621666091,Other,73.17657829781459
Floss Pharma,Pharmacy,5.6344216,-0.1008933,"OSM,HDX,healthsites",0.81,7810232498,Other,73.56150456842188
Forbiq Pharmacy,Pharmacy,5.6862571,-0.1678208,"OSM,HDX,healthsites",0.81,4400503914,Other,64.89838055046133
Fountain Spring Pharmacy,Pharmacy,5.5384567,-0.3258978,"OSM,HDX,healthsites",0.81,7775302897,Other,74.65423861199227
Framim,Pharmacy,5.2992359,-1.9902133,"OSM,HDX,healthsites",0.81,11764719332,Other,111.92536290888997
Francisca Mensah,Pharmacy,5.6125644,-0.2418511,"OSM,HDX,healthsites",0.93,6290813211,Other,69.07234872757209
Franeva,Pharmacy,5.5850293,-0.2128638,"OSM,HDX,healthsites",0.81,8567038917,Other,73.02939528524787
Frankiz,Pharmacy,5.5982131,-0.1125326,"OSM,HDX,healthsites",0.81,6743972962,Other,76.37922034663514
Free Mart Pharmacy,Pharmacy,5.5796623,-0.2283582,"OSM,HDX,healthsites",0.81,5959485125,Other,73.00006357561288
Frimata Pharmacy,Pharmacy,5.646384,-0.2268426,"OSM,HDX,healthsites",0.81,7693055793,Other,66.1420594654438
Frontline Pharmacy,Pharmacy,5.555221,-0.2114779,"OSM,HDX,healthsites",0.81,5150562247,Other,76.17392089534802
G & E Health Services,Pharmacy,5.7388639,0.1022608,"OSM,HDX,healthsites",0.81,6324846586,Other,79.48971225570367
G- EME Pharmacy and Diagnostic Centre,Pharmacy,6.8049166,-2.5141844,"OSM,HDX,healthsites",0.81,5876940066,Other,68.96560857845517
GAB Pharmacy,Pharmacy,5.5952211,-0.0860669,"OSM,HDX,healthsites",0.81,6744277475,Other,78.12355289032739
GAFAT pharmacy,Pharmacy,5.5910316,-0.2064922,"OSM,HDX,healthsites",0.81,7814702658,Other,72.66365412596481
GLORIA K. TETTEH,Pharmacy,6.7896024,-2.5103712,"OSM,HDX,healthsites",0.82,7291702385,Other,67.25471859321452
GMC Pharmacy,Pharmacy,5.2803376,-1.982073,OSM,0.53,688616221,Other,114.18984280821255
GN Pharmacy,Pharmacy,5.7328022,-0.1579833,"OSM,HDX,healthsites",0.81,9273013572,Other,60.980455157520815
Gaataa Adams,Pharmacy,9.9357352,-2.1985339,"OSM,HDX,healthsites",0.81,13196252764,Other,159.50762218596057
Gabriel k Adom,Pharmacy,6.6157845,0.4680631,"OSM,HDX,healthsites",0.82,5739266521,Other,36.60878614333423
Gabson Pharmacy,Pharmacy,6.0988795,-0.2526888,"OSM,HDX,healthsites",0.81,6304073822,Other,24.301543206514886
Gabson Pharmacy,Pharmacy,6.0924171,-0.2586159,"OSM,HDX,healthsites",0.81,6435744903,Other,24.07943885060414
Gap Pharmacy,Pharmacy,5.7046707,-0.0145108,"OSM,HDX,healthsites",0.81,4741290374,Other,72.92395686212323
Gasto Pharmacy,Pharmacy,6.6757318,-1.5537272,"OSM,HDX,healthsites",0.81,11172257926,Other,45.829328415658736
Genak Pharmacy,Pharmacy,6.5890471,-1.6249104,"OSM,HDX,healthsites",0.81,11062174322,Other,57.87861539923032
GeoRuth Pharmacy,Pharmacy,6.7843228,-1.5746085,"OSM,HDX,healthsites",0.81,10023084505,Other,36.462699974643314
Geomat Pharmacy Limited,Pharmacy,6.8008936,-2.5175025,"OSM,HDX,healthsites",0.81,5109825922,Other,68.53978095314025
George Dadzie,Pharmacy,5.8095379,-2.435719,"OSM,HDX,healthsites",0.81,6698629385,Other,41.541807467339865
George kwasi Ataah over the counter chemical store,Pharmacy,6.1945062,-2.3227125,"OSM,HDX",0.67,7606543530,Other,17.959187258184926
Getaid Pharmarcy,Pharmacy,5.6862762,-0.168957,"OSM,HDX,healthsites",0.81,9123049006,Other,64.83686339465167
Getwell Pharmacy,Pharmacy,5.3216118,-1.9754771,"OSM,HDX,healthsites",0.81,9669726589,Other,110.5964357896593
Ghanima Pharmacy Limited,Pharmacy,6.6938434,-1.636297,"OSM,HDX,healthsites",0.82,5332182221,Other,48.57131488575813
Gidams Pharmacy,Pharmacy,5.5802439,-0.1404842,OSM,0.53,1374389524,Other,76.70918349202347
Gilter Pharmacy,Pharmacy,6.0670738,0.8600637,"OSM,HDX,healthsites",0.81,10681755504,Other,90.16777369661665
Gina Pharmacy,Pharmacy,9.456337,-0.8453479,"OSM,HDX,healthsites",0.82,6657453040,Other,98.6205331766551
Ginaphama Pharmacy,Pharmacy,9.4250318,-0.856655,"OSM,HDX,healthsites",0.82,2509276964,Other,102.14267547213093
Ginapharma Ldt.,Pharmacy,10.8018168,-0.8635947,"OSM,HDX,healthsites",0.81,6815492125,Other,50.73612876838396
Glem Pharmacy,Pharmacy,5.6078938,-0.0935602,"OSM,HDX,healthsites",0.81,6747184248,Other,76.49469847801275
God is love Pharmacy,Pharmacy,5.3995644,-0.6496968,"OSM,HDX,healthsites",0.82,9036385276,Other,91.63023586123933
God's Time Chemicals -Michael Ansah Sagu,Pharmacy,5.2915113,-2.7759331,"OSM,HDX,healthsites",0.93,7325598087,Other,103.63089025858436
Godisab,Pharmacy,7.5893462,-1.9392098,"OSM,HDX,healthsites",0.81,10875072278,Other,85.0688307733581
Goemat Pharmacy,Pharmacy,6.6927098,-2.4422716,"OSM,HDX,healthsites",0.81,9701875239,Other,56.67135668847407
Good Day Pharmacy,Pharmacy,7.3345559,-2.3202491,"OSM,HDX,healthsites",0.81,10913153365,Other,107.78742956364505
Good Start Pharmacy Limited,Pharmacy,5.6238995,-0.2491492,"OSM,HDX,healthsites",0.82,7441397234,Other,67.62413735391794
Grammar Chemist,Pharmacy,5.3025007,-1.9874068,"OSM,HDX,healthsites",0.81,5128389744,Other,111.76335102892037
Gravity Pharmacy,Pharmacy,5.6717204,-0.1222026,"OSM,HDX,healthsites",0.81,13061566958,Other,68.81082550992792
Greenlight Pharmacy,Pharmacy,7.3362633,-2.328501,"OSM,HDX,healthsites",0.81,5308353646,Other,108.71450482772883
Greenlight Pharmacy Annex,Pharmacy,7.3364162,-2.3282593,"OSM,HDX,healthsites",0.81,6688847098,Other,108.69376210504116
Grit Pharmacy,Pharmacy,5.5519379,-0.203977,"OSM,HDX,healthsites",0.81,6350580474,Other,76.80145924165409
Grit Pharmacy,Pharmacy,5.6141124,-0.2284234,"OSM,HDX,healthsites",0.81,7151828423,Other,69.41306850529158
Haatso Pharmacy,Pharmacy,5.6775476,-0.2028069,"OSM,HDX,healthsites",0.81,10610469636,Other,64.02303918608055
Habilat Pharmacy,Pharmacy,10.0641156,-2.5035393,"OSM,HDX,healthsites",0.82,8223753022,Other,188.88216378970534
Hale,Pharmacy,5.6309611,-0.2191243,"OSM,HDX,healthsites",0.81,5799350934,Other,68.042617447459
Hale Pharmacy,Pharmacy,5.5952787,-0.2314234,"OSM,HDX,healthsites",0.81,7566424316,Other,71.25830743235113
Hands of God (Thomas Voduh Mensah),Pharmacy,5.290174,-2.7774759,"OSM,HDX,healthsites",0.93,7325200485,Other,103.82472352595809
Hannah Anderson's Licensed Chemical Store,Pharmacy,5.1126614,-1.3238003,OSM,0.63,881814572,Other,154.8614365591973
Hapicares,Pharmacy,6.837129,-1.650376,"OSM,HDX,healthsites",0.81,10726705893,Other,37.876985658808145
Haskay Pharmacy,Pharmacy,9.3841758,-0.8018823,"OSM,HDX,healthsites",0.82,6628538146,Other,106.49515181300973
Hayat Pharmacy,Pharmacy,9.3883388,-0.8156513,"OSM,HDX,healthsites",0.82,6476594839,Other,106.04293603338378
Hayford Dorothy,Pharmacy,5.2450265,-1.2480883,"OSM,HDX",0.67,12456857861,Other,138.2217565322961
Health Angels Pharmaceuticals,Pharmacy,5.626195,-0.2550769,"OSM,HDX,healthsites",0.81,10891959551,Other,67.17423214152006
Health Concept,Pharmacy,5.6094938,-0.0871886,"OSM,HDX,healthsites",0.82,5766799969,Other,76.70585088997773
Health Corner,Pharmacy,5.6009837,-0.0972924,"OSM,HDX,healthsites",0.81,6938868418,Other,76.94455112214963
Health Lover,Pharmacy,5.7188955,-0.171942,"OSM,HDX,healthsites",0.81,6233786941,Other,61.51896840144772
Health Shop Mini Mart,Pharmacy,5.6383278,-0.170889,"OSM,HDX,healthsites",0.81,1356937858,Other,69.45902278362804
Health Solutions,Pharmacy,5.5770902,-0.1735902,"OSM,HDX,healthsites",0.82,1775866931,Other,75.4828801911182
Health Spring Pharmacy,Pharmacy,5.2839934,-2.0054609,"OSM,HDX,healthsites",0.81,5515602856,Other,112.59315075987472
Health Style Pharmacy,Pharmacy,5.5565194,-0.1713037,OSM,0.53,878905197,Other,77.67228928184221
HealthLane,Pharmacy,5.6255447,-0.1525073,"OSM,HDX,healthsites",0.81,9235979417,Other,71.6328922409907
Healthaus Pharmacy,Pharmacy,5.5960568,-0.1018372,"OSM,HDX,healthsites",0.82,6846113431,Other,77.1663674635318
Healthmark Pharmacy,Pharmacy,5.6190924,-0.2501499,"OSM,HDX,healthsites",0.81,5923783047,Other,68.09213513947284
Hebrews Pharmacy Limited,Pharmacy,5.6162206,-0.2485636,"OSM,HDX,healthsites",0.83,5777113610,Other,68.4491903041947
Helmart,Pharmacy,5.5237971,-0.4588485,"OSM,HDX,healthsites",0.81,10284300758,Other,75.09013744296588
Hem Pharmacy,Pharmacy,6.6109979,0.4708175,"OSM,HDX,healthsites",0.81,10935359280,Other,36.69161328834697
Hemins Pharmacy Limited,Pharmacy,5.5900831,-0.2519844,"OSM,HDX,healthsites",0.81,7209383695,Other,71.07851494467327
Herbal,Pharmacy,5.5392549,-0.2469824,"OSM,HDX,healthsites",0.81,8572611717,Other,76.612723398162
Herbal Pharmacy,Pharmacy,5.5825806,-0.1054135,"OSM,HDX,healthsites",0.81,6492032679,Other,78.27394190834173
Hills Pharmacy,Pharmacy,5.5452885,-0.2125989,"OSM,HDX,healthsites",0.81,6215799885,Other,77.16566178393923
Hilton Chemist Limited,Pharmacy,5.5445586,-0.3257399,"OSM,HDX,healthsites",0.81,7775821111,Other,73.99352872936471
Hobet Pharmacy,Pharmacy,5.682959,-0.193481,"OSM,HDX,healthsites",0.81,5881543451,Other,63.92587719440384
Hospital Pharmacy,Pharmacy,10.0573584,-2.4975476,"OSM,HDX,healthsites",0.92,9913042559,Other,188.36235870331478
Human Pharmacy,Pharmacy,5.6457994,-0.1462907,"OSM,HDX,healthsites",0.81,6528533857,Other,69.96838289461927
Humano Pharmacy,Pharmacy,5.6878844,-0.1148351,"OSM,HDX,healthsites",0.81,12658037876,Other,67.73007470310888
Hutch,Pharmacy,5.6423361,-0.0764919,"OSM,HDX,healthsites",0.81,9341179817,Other,74.26947928871047
Hutch Pharma Limited,Pharmacy,5.6418941,-0.0764975,"OSM,HDX,healthsites",0.83,10948896149,Other,74.30993436346328
Ibrahim Adams,Pharmacy,10.0676919,-2.4954178,"OSM,HDX,healthsites",0.81,13176744131,Other,187.9382042906775
Inter-Pharma Limited,Pharmacy,6.0943768,-0.2597503,"OSM,HDX,healthsites",0.81,6435759256,Other,23.86169746415127
Interbrain Pharmacy Limited,Pharmacy,5.5864943,-0.1969385,"OSM,HDX,healthsites",0.93,6989978136,Other,73.52159859023874
Ishmael Ashistey Medical Center,Pharmacy,5.6262688,-0.0243736,OSM,0.53,1380325866,Other,79.02650649404093
J M Addo and sons ltd.,Pharmacy,5.5490035,-0.2088607,"OSM,HDX,healthsites",0.81,4270160491,Other,76.91916743935136
J&A Pharmacy,Pharmacy,7.3265081,-2.3327711,"OSM,HDX,healthsites",0.81,6702602170,Other,108.86446734771775
J. S Asamoah,Pharmacy,4.9346937,-1.7139785,"OSM,HDX,healthsites",0.81,7761437285,Other,162.21544945675143
J. Y. Pharmacy,Pharmacy,9.4074497,-0.8392358,OSM,0.53,154173029,Other,103.99470722293478
Jag's Pharmacy,Pharmacy,9.4183553,-0.8179933,OSM,0.53,559598729,Other,102.72691694191946
Jak Pharmacy,Pharmacy,5.5507729,-0.1839564,"OSM,HDX,healthsites",0.81,6356778208,Other,77.7230739970729
James Bessa-Simons Pharmarcy,Pharmacy,5.1164431,-1.255955,"OSM,HDX,healthsites",0.81,6665811256,Other,149.92158207457584
James Nyianle Kwaw,Pharmacy,5.2916478,-2.7746813,"OSM,HDX,healthsites",0.93,7325610485,Other,103.57343307215105
Jan-Aid Pharmacy,Pharmacy,5.6381178,-0.0765187,"OSM,HDX,healthsites",0.81,11021793793,Other,74.65759767057118
Janedor,Pharmacy,6.6651957,-1.5128103,"OSM,HDX,healthsites",0.81,10871906325,Other,45.29437707029152
Jasie Pharmacy,Pharmacy,5.6435951,-0.0684018,"OSM,HDX,healthsites",0.81,11982687002,Other,74.65160480915326
Jaspers Pharmacy Limited,Pharmacy,5.5480688,-0.2091807,"OSM,HDX,healthsites",0.81,12726535801,Other,77.00423952891532
Jaysbertha Pharmacy,Pharmacy,6.6386861,-1.6205315,"OSM,HDX,healthsites",0.81,11287527010,Other,52.81548912693459
Jeb Pharmacy,Pharmacy,5.9993222,0.597146,"OSM,HDX,healthsites",0.81,5087710549,Other,72.38797215409063
Jedna Pharmacy,Pharmacy,5.5847048,-0.1274678,"OSM,HDX,healthsites",0.81,11088949005,Other,76.91740283389413
Jegafan Pharmacy,Pharmacy,5.6743455,-0.2778477,"OSM,HDX",0.67,13358760419,Other,61.33022831726575
Jenah Philip M.,Pharmacy,9.2170108,-1.8577395,"OSM,HDX,healthsites",0.82,6553133662,Other,170.28887492976142
Jephong,Pharmacy,5.5488366,-0.3497008,"OSM,HDX,healthsites",0.81,7777512985,Other,73.09345302029833
Jessumana Pharmacy,Pharmacy,5.6951154,-0.2015071,"OSM,HDX,healthsites",0.81,6703531223,Other,62.32841523543695
Jewjef Pharmacy,Pharmacy,5.6336331,-0.0727691,"OSM,HDX,healthsites",0.82,10965712633,Other,75.30011980916473
Jilak Chemists,Pharmacy,5.5791629,-0.1093207,"OSM,HDX,healthsites",0.81,6769611313,Other,78.39853391996522
Jim - Beck,Pharmacy,5.6117163,-0.1065138,"OSM,HDX,healthsites",0.82,7102234383,Other,75.40580218897993
Jim-Beck Pharmacy,Pharmacy,5.5970292,-0.1259625,"OSM,HDX,healthsites",0.81,6753546541,Other,75.78671959726391
Jinlet,Pharmacy,5.5557694,-0.182857,"OSM,HDX,healthsites",0.82,6658579882,Other,77.25665574029576
Jinlet Pharmacy,Pharmacy,5.6166671,-0.181997,"OSM,HDX,healthsites",0.81,1250323231,Other,71.104450405475
Jinlet Pharmacy,Pharmacy,5.5725719,-0.2224166,"OSM,HDX,healthsites",0.81,1364922558,Other,73.95845954527067
Jmvic Pharmacy,Pharmacy,6.6961836,-1.5931604,"OSM,HDX,healthsites",0.81,11627042567,Other,45.79314837209977
Jodael Pharmacy,Pharmacy,6.6256336,0.4848699,"OSM,HDX,healthsites",0.82,10560036367,Other,38.74424459729177
Joe Benneth Pharmacy,Pharmacy,7.3352424,-2.3262363,"OSM,HDX,healthsites",0.81,6503866987,Other,108.44262401234414
Joe Sarb Pharmacy,Pharmacy,6.7312051,-1.6136498,"OSM,HDX,healthsites",0.81,6682257763,Other,43.750422221764126
Joe-Chris Pharmacy,Pharmacy,6.8038746,-2.5170995,"OSM,HDX,healthsites",0.81,6313240309,Other,68.86663472660699
Joepharma Pharmacy,Pharmacy,5.6504151,-0.1915174,"OSM,HDX,healthsites",0.82,9660303978,Other,67.27131057879296
Jofas Pharmacy,Pharmacy,6.4562611,-2.3147008,"OSM,HDX,healthsites",0.83,7755325222,Other,35.6775461284477
John B. Bawah,Pharmacy,5.176745,-1.1215647,"OSM,HDX,healthsites",0.81,8142912456,Other,135.90077673366685
Johnson Mensah Good Name,Pharmacy,5.8215717,-2.8202937,"OSM,HDX,healthsites",0.81,8229510141,Other,54.50515021968216
Joseph Amoah Pharmacy,Pharmacy,5.2927949,-2.7772182,"OSM,HDX,healthsites",0.93,7325524185,Other,103.54049077078304
Josly Pharmacy Limited,Pharmacy,5.608193,-0.2377348,"OSM,HDX,healthsites",0.81,6132175109,Other,69.67896557233861
Jowis Chemicals,Pharmacy,6.1007712,1.148001,"OSM,HDX,healthsites",0.81,3646705787,Other,117.17526056019092
Joy NK,Pharmacy,5.6834885,-0.0357589,"OSM,HDX,healthsites",0.81,6432200682,Other,73.22650601559002
Joyce Opoku,Pharmacy,8.6808515,0.1837241,"OSM,HDX,healthsites",0.81,6548997895,Other,99.99483220184597
Jucad Pharmacy,Pharmacy,5.5350595,-0.4225436,"OSM,HDX,healthsites",0.81,6950424396,Other,73.87808574971493
Juli-Dee Supermarket and Pharmacy,Pharmacy,5.6730279,-0.1097193,"OSM,HDX,healthsites",0.81,12455714444,Other,69.41939169492198
Just ask Pharmacy and Mart,Pharmacy,5.655305,-0.2627508,"OSM,HDX,healthsites",0.81,7495050567,Other,63.85149908524214
K-Lynks pharmacy,Pharmacy,5.7435489,-0.1534856,"OSM,HDX,healthsites",0.81,8346382200,Other,60.237257938612416
Kafny Pharmacy,Pharmacy,5.5572969,-0.3058845,"OSM,HDX,healthsites",0.81,6420471671,Other,73.04429190034014
Kaizen Pharma Limited,Pharmacy,5.5526814,-0.2720462,"OSM,HDX,healthsites",0.81,5287626001,Other,74.42498501026297
Kam-Aid,Pharmacy,5.7487789,-0.1773508,"OSM,HDX,healthsites",0.81,9678357942,Other,58.35950176222677
Kama Pharmacy,Pharmacy,6.0908034,-0.2573599,"OSM,HDX,healthsites",0.81,6435778898,Other,24.28986197859862
Kanbok Pharmaceuticals,Pharmacy,5.5190092,-0.3887118,OSM,0.63,836636704,Other,75.87409662263832
Ke-nash Pharmacy,Pharmacy,5.6060267,-0.2513339,"OSM,HDX,healthsites",0.83,6160907673,Other,69.4223491087922
Kekule Pharmacy Limited,Pharmacy,5.2982263,-1.9905288,"OSM,HDX,healthsites",0.81,4542360241,Other,112.00570066154022
Kelmed Pharmaceuticals,Pharmacy,5.5616135,-0.2136577,"OSM,HDX,healthsites",0.81,7162116722,Other,75.42702145810928
Kendicks Pharmacy Limited,Pharmacy,5.3019674,-1.9928854,"OSM,HDX,healthsites",0.81,5676598273,Other,111.51712413967435
Kent Pharmacy,Pharmacy,5.6235324,-0.2411166,"OSM,HDX,healthsites",0.82,7516013352,Other,67.95460922481861
Kess Pharmacy,Pharmacy,5.6867292,-0.1848706,"OSM,HDX,healthsites",0.81,7472011399,Other,63.976744122194035
Kin-Ada,Pharmacy,5.5876191,-0.2329546,"OSM,HDX,healthsites",0.81,5955274013,Other,72.00159525792334
Kinapharma Limited,Pharmacy,4.8963414,-1.756629,"OSM,HDX,healthsites",0.81,7751969567,Other,163.45546279545226
Kings pharmacy,Pharmacy,5.3721289,-0.6389226,"OSM,HDX,healthsites",0.81,9033427052,Other,94.29677375352946
Kingstreet Pharmacy,Pharmacy,5.6049051,-0.1179656,"OSM,HDX,healthsites",0.82,7348800680,Other,75.44059399971438
Kingsway Pharmacy,Pharmacy,5.1111012,-1.2562466,"OSM,HDX,healthsites",0.81,8602821218,Other,150.4148186674086
Kingsway Pharmacy,Pharmacy,5.1111112,-1.256352,"OSM,HDX,healthsites",0.81,8676945844,Other,150.42089697056412
Kingsway Pharmacy,Pharmacy,5.1303033,-1.2757523,"OSM,HDX",0.67,12793347882,Other,150.02892420751263
Kinschem Pharmacy,Pharmacy,5.6581155,-0.2529018,"OSM,HDX,healthsites",0.81,7267287583,Other,63.91380256282769
Kissi Sarpong Pharmacy,Pharmacy,5.5365499,-0.7015639,"OSM,HDX,healthsites",0.81,7913757275,Other,78.90809518864012
Kklay,Pharmacy,5.6589785,-0.2725149,"OSM,HDX,healthsites",0.81,7496247952,Other,63.12876143899692
Kofikrom,Pharmacy,5.6246723,-0.0685842,"OSM,HDX,healthsites",0.81,6673369950,Other,76.38308059399033
Kojokrom Pharmacy Limited,Pharmacy,4.9651163,-1.7268216,"OSM,HDX,healthsites",0.82,11583885429,Other,158.60583422022867
Krobea Pharmacy,Pharmacy,5.6062848,-0.2483441,"OSM,HDX,healthsites",0.81,11445795963,Other,69.49887544032876
LLoylan Pharmacy Limited,Pharmacy,5.632306,-0.0681801,"OSM,HDX,healthsites",0.81,11043913050,Other,75.70261515870624
La Famille Chemist,Pharmacy,5.7412938,-0.0134899,"OSM,HDX,healthsites",0.81,6019717336,Other,69.99191235221889
Lapaz community pharmacy,Pharmacy,5.6113187,-0.2791689,"OSM,HDX,healthsites",0.82,12624210965,Other,67.96363612135514
Lashibi Chemists Limited,Pharmacy,5.6489359,-0.0638427,"OSM,HDX,healthsites",0.82,11002789842,Other,74.44898391345986
Lasta Pharmacy,Pharmacy,6.6241131,-1.213309,"OSM,HDX,healthsites",0.81,12883443535,Other,51.260797452910786
Late Night Pharmacy,Pharmacy,5.571537,-0.1785305,"OSM,HDX,healthsites",0.81,5748042149,Other,75.83068252725286
Laud K Pharmacy,Pharmacy,6.6917774,-1.5475999,"OSM,HDX,healthsites",0.81,6033584886,Other,43.932694298511976
Leeteng Pharmacy,Pharmacy,6.6890594,-1.6072708,"OSM,HDX,healthsites",0.82,8230627640,Other,47.2662842993699
Lemon,Pharmacy,5.6390055,-0.0613318,"OSM,HDX,healthsites",0.81,6673302845,Other,75.51163655364985
Lena Pharmacy,Pharmacy,6.6022801,0.463824,"OSM,HDX,healthsites",0.81,6561361846,Other,35.622345858035196
Lena Pharmacy,Pharmacy,5.6861919,-0.0286489,"OSM,HDX,healthsites",0.82,7238982608,Other,73.48499406876361
Lesson Pharmacy,Pharmacy,5.5820876,-0.1984631,"OSM,HDX,healthsites",0.92,4516622590,Other,73.9107047553257
Lesson Pharmacy,Pharmacy,5.5821056,-0.1984727,"OSM,HDX,healthsites",0.93,6958423005,Other,73.90846169000575
Letap pharmacy,Pharmacy,5.5570022,-0.2194593,"OSM,HDX,healthsites",0.81,7211660772,Other,75.69101983561264
Lexley Pharmacy,Pharmacy,5.7041125,-0.0295113,OSM,0.53,935129816,Other,71.89362424823527
Liberty pharmacy,Pharmacy,6.6042279,0.4752645,"OSM,HDX,healthsites",0.82,7574692595,Other,36.882925845439914
Licensed Over the Counter,Pharmacy,5.5110248,-0.3352112,"OSM,HDX,healthsites",0.81,7775298236,Other,77.47072191259517
Licensed Over-the-Counter Medicine Seller,Pharmacy,6.1717203,-0.42519,"OSM,HDX,healthsites",0.92,12945263925,Other,4.14055012723056
Life Aid Pharmacy,Pharmacy,5.6022107,-0.2562462,"OSM,HDX,healthsites",0.82,9995774214,Other,69.65740433345253
Life Health Care,Pharmacy,5.6389363,-0.2412727,"OSM,HDX,healthsites",0.81,7344680334,Other,66.34552340050872
Life Pharmacy,Pharmacy,5.6838365,-0.2829811,"OSM,HDX,healthsites",0.81,6950090543,Other,60.15792395883309
Life aid Pharmacy,Pharmacy,5.6350575,-0.0911859,"OSM,HDX,healthsites",0.82,11002754694,Other,74.06628006198738
Lightway,Pharmacy,7.5908672,-1.9387535,"OSM,HDX,healthsites",0.81,6535927364,Other,85.14964912379972
Linah Asante,Pharmacy,5.6080128,-0.1300807,"OSM,HDX,healthsites",0.81,7640382185,Other,74.49991375792854
Liniven Pharmacy,Pharmacy,5.6757392,-0.1913681,"OSM,HDX,healthsites",0.81,5809255656,Other,64.74636174041454
Link 12 Pharmacy,Pharmacy,5.6335449,-0.0763459,"OSM,HDX,healthsites",0.82,10965661487,Other,75.09153739226629
Listings,Pharmacy,5.6310138,-0.2851147,"OSM,HDX,healthsites",0.81,7779103597,Other,65.68861136914967
Lloyd's Pharmacy,Pharmacy,5.5573446,-0.1753128,"OSM,HDX,healthsites",0.81,5717927636,Other,77.41522893016847
Lobing Pharmacy,Pharmacy,5.7501659,-0.0860068,"OSM,HDX,healthsites",0.81,9592703774,Other,63.99077214569963
Losab Pharmacy,Pharmacy,5.8101264,-0.3436711,"OSM,HDX,healthsites",0.81,12568791342,Other,44.87277338584806
Love pharmacy,Pharmacy,5.6600195,-0.2547704,"OSM,HDX,healthsites",0.81,7204700917,Other,63.64622738961822
Luckies Pharmacy,Pharmacy,5.611363,-0.2373339,"OSM,HDX,healthsites",0.93,6283465059,Other,69.36307252065285
M & N Pharmacy,Pharmacy,9.3827362,-0.7979341,"OSM,HDX,healthsites",0.82,6628538145,Other,106.65597640655771
M&G Pharmaceuticals,Pharmacy,5.5348169,-0.2113248,"OSM,HDX,healthsites",0.81,7211393385,Other,78.30444588484349
M&G whole sale division,Pharmacy,5.5351294,-0.2111438,"OSM,HDX,healthsites",0.81,7211448645,Other,78.27851168431394
M.T Azango chemical shop,Pharmacy,9.4324262,-0.8607609,OSM,0.53,243543401,Other,101.35307066619504
MAG Pharmacy,Pharmacy,6.6879024,-1.5837745,"OSM,HDX,healthsites",0.81,6036650216,Other,46.085765079125785
MBC Pharmacy,Pharmacy,5.7826082,-0.1775058,"OSM,HDX,healthsites",0.81,9132744318,Other,55.16494603017398
MEG Pharmacy,Pharmacy,5.142014,-1.2444104,"OSM,HDX,healthsites",0.81,8077140679,Other,146.89106600606578
MEK Pharmacy Limited,Pharmacy,6.5962567,0.4438654,"OSM,HDX,healthsites",0.81,7973572335,Other,33.32249511929429
Mabel Akyaa Waye,Pharmacy,6.8050232,-2.5175124,"OSM,HDX,healthsites",0.81,6373951542,Other,68.99588607629273
Madam Marry Adekurah,Pharmacy,10.7915153,-0.791633,"OSM,HDX,healthsites",0.81,6916218475,Other,49.18571994449271
Madibra Pharmacy,Pharmacy,5.2689584,-2.0065884,"OSM,HDX,healthsites",0.82,9212652478,Other,114.00453590642255
Madibra Pharmacy,Pharmacy,5.8069297,-2.433751,"OSM,HDX,healthsites",0.81,9501813211,Other,41.85649845615834
Magic Mitch,Pharmacy,5.5881857,-0.1969695,"OSM,HDX,healthsites",0.81,6594159249,Other,73.34696353366847
Magmitch Pharmacy,Pharmacy,5.5881507,-0.1971383,"OSM,HDX,healthsites",0.82,6985350566,Other,73.3435190634802
Magpat Pharmacy,Pharmacy,5.6763602,-0.1509529,"OSM,HDX,healthsites",0.82,6109998117,Other,66.75816825795944
Maidaal Pharmacy,Pharmacy,5.6792722,-0.1919924,"OSM,HDX,healthsites",0.81,5210898985,Other,64.36464399722793
Mainstreet Pharmacy,Pharmacy,9.3940393,-0.8221263,"OSM,HDX,healthsites",0.82,7133423372,Other,105.42385960947664
Makay Pharmacy Limited,Pharmacy,5.6273966,-0.067892,"OSM,HDX,healthsites",0.82,10962117777,Other,76.17321059485991
Malakai Chemist,Pharmacy,5.1141672,-1.2603301,"OSM,HDX,healthsites",0.82,8087598757,Other,150.41352118468902
Manu Yaa pharmacy,Pharmacy,7.5610717,-1.9850817,"OSM,HDX,healthsites",0.81,6685180981,Other,86.7285614226743
Manu Yaa pharmacy,Pharmacy,7.6410295,-1.8602265,"OSM,HDX,healthsites",0.81,6716172073,Other,83.39600155093532
Mapok,Pharmacy,5.5883409,-0.0976198,"OSM,HDX,healthsites",0.81,6732445513,Other,78.13907519234999
Marisa & May Pharmacy,Pharmacy,5.617831,-0.0926678,"OSM,HDX,healthsites",0.82,6419800389,Other,75.60278384297192
Marpe Pharmacy,Pharmacy,5.5651715,-0.2136364,"OSM,HDX,healthsites",0.81,6883017727,Other,75.05810313294756
Mary de Rose Pharmacy,Pharmacy,5.579535,-0.247275,"OSM,HDX,healthsites",0.82,5731354878,Other,72.34829218700017
Marygold Pharmacy Limited,Pharmacy,5.1484518,-1.2788072,"OSM,HDX,healthsites",0.82,7862532884,Other,148.65650021446532
Matcare Pharmacy,Pharmacy,5.6313147,-0.0900415,"OSM,HDX,healthsites",0.82,7238982597,Other,74.48447988577574
Mawuena Pharmacy,Pharmacy,5.7818376,-0.1753526,"OSM,HDX,healthsites",0.81,7869175836,Other,55.365494146135035
Max-Health Pharmacy,Pharmacy,5.7002563,-0.2027244,"OSM,HDX,healthsites",0.82,8391471220,Other,61.75791297888071
Maxkins Pharmacy,Pharmacy,5.5729583,-0.2310625,"OSM,HDX,healthsites",0.81,4971251581,Other,73.60275796858956
Maxwell Akoto-Mireku,Pharmacy,5.6046972,-0.0880143,"OSM,HDX,healthsites",0.81,6476504089,Other,77.11299491382037
MayDay Pharmacy,Pharmacy,5.5856717,-0.175929,"OSM,HDX,healthsites",0.82,6072524768,Other,74.50956101543454
McCarthy Hill Pharmacy,Pharmacy,5.5235273,-0.326914,"OSM,HDX,healthsites",0.81,7775289597,Other,76.25972572764863
Mcaliz Pharmacy,Pharmacy,5.7109887,-0.1934295,"OSM,HDX,healthsites",0.81,7293055585,Other,61.15628658843013
Med Aid Pharmacy,Pharmacy,5.6464443,-0.1550248,"OSM,HDX,healthsites",0.81,6349309485,Other,69.45139997601775
Med Court,Pharmacy,7.3302991,-2.3193053,"OSM,HDX,healthsites",0.81,6814416786,Other,107.55359989701998
Med-touch pharmacy,Pharmacy,5.5715443,-0.2380905,"OSM,HDX,healthsites",0.82,10285832155,Other,73.50302933435998
MedAid Pharmacy,Pharmacy,5.6458863,-0.14367,"OSM,HDX,healthsites",0.81,10633801926,Other,70.09813381342076
Medcourt Pharmacy,Pharmacy,7.3468941,-2.271949,"OSM,HDX,healthsites",0.81,9930521717,Other,103.10765403740515
Medcourt Pharmacy,Pharmacy,7.3604253,-2.3472325,"OSM,HDX,healthsites",0.82,10069640822,Other,111.47713145761126
MediTab,Pharmacy,5.67393,-0.1937353,"OSM,HDX,healthsites",0.81,9679380617,Other,64.81303182675242
Media Pharmacy,Pharmacy,5.6326336,-0.1397974,"OSM,HDX,healthsites",0.81,6925128752,Other,71.5913471147898
Medical Lab Pharmacy,Pharmacy,9.4036343,-0.851353,"OSM,HDX,healthsites",0.82,6657361534,Other,104.47473632273092
Medicap Pharmacy,Pharmacy,7.3983294,-1.9555984,"OSM,HDX,healthsites",0.81,6535950992,Other,73.55350642038337
Medicap Pharmacy,Pharmacy,6.8189792,-1.8612681,"OSM,HDX,healthsites",0.81,7502297591,Other,58.67508236608405
Medicines Plus Pharmacy,Pharmacy,5.5732555,-0.1979428,"OSM,HDX,healthsites",0.82,3837992784,Other,74.83973314677729
Medimart,Pharmacy,5.6279561,-0.1511863,"OSM,HDX,healthsites",0.81,6446698787,Other,71.46211047049258
Medimart,Pharmacy,5.6028695,-0.1762717,"OSM,HDX,healthsites",0.81,6451360488,Other,72.75613306879931
Medipoint,Pharmacy,5.5684141,-0.1743606,"OSM,HDX,healthsites",0.82,3229726703,Other,76.32962704459477
Meditab Pharmacy,Pharmacy,5.6597419,-0.1511167,"OSM,HDX",0.67,12619925596,Other,68.35795866381387
Medmina Pharmacy,Pharmacy,5.6838704,-0.1657428,"OSM,HDX,healthsites",0.81,6253505995,Other,65.24000144102386
Menri Pharmacy,Pharmacy,6.6939109,-1.6292994,OSM,0.53,791233744,Other,48.127943557750164
Meprio Pharmacy,Pharmacy,6.6613061,-1.5632219,"OSM,HDX,healthsites",0.92,12021416361,Other,47.71435998703983
Messiah Pharmacy,Pharmacy,5.6100976,-0.234288,"OSM,HDX,healthsites",0.81,10261041505,Other,69.60799675362448
Mgl,Pharmacy,4.9647623,-1.6932361,"OSM,HDX,healthsites",0.81,9609552255,Other,160.6391765582659
Micheal Quaique Otc Medicine Seller,Pharmacy,5.6430415,-0.2351851,OSM,0.63,615818856,Other,66.1541454359718
Michrisma,Pharmacy,5.6274826,-0.0926033,"OSM,HDX,healthsites",0.81,6698137436,Other,74.69530110451842
Midpoint Pharmacy,Pharmacy,5.6375719,-0.2171055,"OSM,HDX,healthsites",0.81,7933833160,Other,67.44755180927953
Mikaddo Pharmacy Limited,Pharmacy,6.697131,-1.6225313,"OSM,HDX,healthsites",0.81,6936362984,Other,47.41588531379612
Mile Seven pharmacy,Pharmacy,5.6309957,-0.2437834,OSM,0.53,460123227,Other,67.07799780642237
Millan Elements,Pharmacy,5.6179407,-0.0717734,"OSM,HDX,healthsites",0.81,6746346239,Other,76.81608265796648
Millennium Pharmacy,Pharmacy,4.9350361,-1.7138103,"OSM,HDX,healthsites",0.81,7761436002,Other,162.19305325464975
Miney Pharmacy,Pharmacy,7.3339371,-2.3206856,"OSM,HDX,healthsites",0.81,6814430285,Other,107.81403983656965
MiniMax Pharmacy,Pharmacy,5.697003,-0.2034261,"OSM,HDX,healthsites",0.81,8873554755,Other,62.04812769704132
Mizfred Pharmacy,Pharmacy,5.7148579,-0.1832644,"OSM,HDX,healthsites",0.81,10246647004,Other,61.3025438257457
Mobimed Pharmacy,Pharmacy,5.5930445,-0.0907846,"OSM,HDX,healthsites",0.82,6493148330,Other,78.06599821738224
Mocel Pharmacy,Pharmacy,5.775165,-0.0014061,"OSM,HDX,healthsites",0.81,10281418287,Other,68.2677840774923
Modem Pharmacy Limited,Pharmacy,5.7433611,-0.1770306,"OSM,HDX,healthsites",0.81,7859194100,Other,58.893636452311085
Mohammad Pharmacy,Pharmacy,9.2191345,-1.8579042,"OSM,HDX,healthsites",0.81,5831982644,Other,170.12859466789322
Mohammed Alidu Chemicals,Pharmacy,9.4224053,-0.8110579,"OSM,HDX,healthsites",0.82,6657452993,Other,102.27003074635056
Mohammed Issah,Pharmacy,9.8991768,-2.3544997,"OSM,HDX,healthsites",0.81,13208372240,Other,177.0554490958753
Mosan Frontline Pharmacy,Pharmacy,4.9091566,-1.7700236,"OSM,HDX,healthsites",0.81,7745148441,Other,161.49124752511685
Mosmay Pharmacy,Pharmacy,5.1344727,-1.2776064,"OSM,HDX,healthsites",0.82,6556867994,Other,149.79074338884246
Mossay Pharmacy,Pharmacy,7.3359665,-2.3271877,"OSM,HDX,healthsites",0.81,6503866985,Other,108.56616381110113
Mrs Rose Pharmacy,Pharmacy,5.1258601,-1.2773846,"OSM,HDX,healthsites",0.81,8094363594,Other,150.52835713755852
Multi Pavum,Pharmacy,9.3956423,-0.8247706,"OSM,HDX,healthsites",0.82,1799109618,Other,105.25262408162268
Mutaru Chemist,Pharmacy,9.2193258,-1.859255,"OSM,HDX,healthsites",0.81,5832300522,Other,170.21386698751513
Mutti Pharmacy,Pharmacy,5.6076574,-0.1259632,"OSM,HDX,healthsites",0.82,7348800679,Other,74.74982681510681
Muzey Drug Store,Pharmacy,6.804121,-2.5193234,"OSM,HDX,healthsites",0.81,6715840101,Other,68.90715904902692
MycroChemist Pharmacy,Pharmacy,5.6477194,-0.1515105,"OSM,HDX,healthsites",0.81,7127806850,Other,69.50834737906695
N. O. Armah - Agyemang chemical store,Pharmacy,5.1131129,-1.2467291,"OSM,HDX,healthsites",0.81,6610013524,Other,149.6088858183867
NEA Pharmacy,Pharmacy,5.6027124,-0.2363711,"OSM,HDX,healthsites",0.81,6490356674,Other,70.3008995089301
NGPACK Pharmacy,Pharmacy,5.7046943,-0.1711167,"OSM,HDX,healthsites",0.81,9209889400,Other,62.933896961785024
Naayas Medical Centre,Pharmacy,9.4236847,-0.8080372,"OSM,HDX,healthsites",0.82,6657452996,Other,102.12637693026132
Nadorg,Pharmacy,5.6045811,-0.2021378,"OSM,HDX,healthsites",0.81,11384240052,Other,71.45179652351224
Nako,Pharmacy,6.7003567,-1.5949466,"OSM,HDX,healthsites",0.81,4171178747,Other,45.49446930295212
Nakopat Pharmacy,Pharmacy,5.56492,-0.2345585,"OSM,HDX,healthsites",0.81,6247611198,Other,74.32144446752675
Nana Panin Herbal And Research Centre,Pharmacy,5.578977,-0.2002323,"OSM,HDX,healthsites",0.93,6976854419,Other,74.15807583244056
Nardorg Pharmacy,Pharmacy,5.6051659,-0.2030474,"OSM,HDX,healthsites",0.81,6100969250,Other,71.35386203516232
Nascata Pharmacy Limited,Pharmacy,5.6758049,-0.1734678,"OSM,HDX,healthsites",0.81,5209798110,Other,65.62791968023815
Nat & Sons,Pharmacy,5.6106418,-1.5499547,"OSM,HDX,healthsites",0.81,10266610821,Other,121.25007291344022
Nat & Sons Pharmacy,Pharmacy,5.1318509,-1.2758096,"OSM,HDX,healthsites",0.82,6508243726,Other,149.89750256301892
Ndeogo Regina,Pharmacy,10.7912035,-0.8455273,"OSM,HDX,healthsites",0.81,7091255034,Other,49.34890194335574
Nectar Pharmacy,Pharmacy,5.5678949,-0.2430072,"OSM,HDX,healthsites",0.81,3073611741,Other,73.71837920893378
Nesta,Pharmacy,5.6028609,-0.2419394,"OSM,HDX,healthsites",0.82,5963528280,Other,70.08398281980645
Nesta Pharmacy,Pharmacy,5.5969414,-0.2310061,"OSM,HDX,healthsites",0.81,7881392996,Other,71.10046956036832
New Discovery Pharmacy,Pharmacy,5.6047937,-0.2586139,"OSM,HDX,healthsites",0.81,2815197868,Other,69.30610701150513
New Discovery Pharmacy,Pharmacy,5.641063,-0.2401852,"OSM,HDX,healthsites",0.81,7774301190,Other,66.16597895262205
New Site,Pharmacy,5.7131306,-0.1720332,"OSM,HDX,healthsites",0.81,12727103513,Other,62.06933894418627
NexrCap,Pharmacy,5.6754143,-0.1232118,"OSM,HDX,healthsites",0.81,8571994317,Other,68.40402561771118
Next Care,Pharmacy,5.6756494,-0.1228576,"OSM,HDX,healthsites",0.81,12551211008,Other,68.40238008614843
Nhyira Pharmacy,Pharmacy,5.5334698,-0.4295575,"OSM,HDX,healthsites",0.81,6950451591,Other,74.0303647788789
Nikos Pharmacy,Pharmacy,5.6090016,-0.2444046,"OSM,HDX,healthsites",0.93,6290813212,Other,69.35312435926976
Nima Highway Pharmacy,Pharmacy,5.5789653,-0.1999309,"OSM,HDX,healthsites",0.82,6950331680,Other,74.17154401188651
Nissi Pharmacy,Pharmacy,5.6858772,-0.1657648,"OSM,HDX,healthsites",0.81,6253504385,Other,65.04372802089588
Nock Chemists Limited,Pharmacy,4.9001208,-1.7640048,"OSM,HDX,healthsites",0.93,5859872286,Other,162.68937766672465
Nola,Pharmacy,5.6411278,-0.1190853,"OSM,HDX,healthsites",0.81,5725952521,Other,71.89320901539291
Nolan Ghana,Pharmacy,5.6953761,-0.1102455,"OSM,HDX",0.67,12658021279,Other,67.31454083510376
Nolan Group Pharmacy,Pharmacy,5.647088,-0.0764485,"OSM,HDX,healthsites",0.82,10891372642,Other,73.83416277299568
Norkids,Pharmacy,5.6166186,-0.0623156,"OSM,HDX,healthsites",0.82,7154060541,Other,77.50860121585406
Novomed,Pharmacy,5.6227053,-0.3018546,"OSM,HDX,healthsites",0.82,7856510593,Other,66.10087327296586
Nuhu Hawa Jimba,Pharmacy,10.1373341,-2.3558967,"OSM,HDX,healthsites",0.81,13192517497,Other,171.6498290392964
Nyaah Pharmacy,Pharmacy,5.6273579,-0.1462456,"OSM,HDX,healthsites",0.81,4239386293,Other,71.77248975826545
Nyala Phamacy,Pharmacy,5.5831267,-0.1944032,"OSM,HDX,healthsites",0.82,6975237624,Other,73.972291019314
Nyame Na Aye Medicines License Over The Counter Medical Shop,Pharmacy,6.4226642,-0.8700252,"OSM,HDX,healthsites",0.82,12049183980,Other,52.82933169455337
Nyame ne Hene Herbal,Pharmacy,5.6157189,-0.2439415,"OSM,HDX,healthsites",0.93,6277014898,Other,68.66698751765014
Nyankson Amihere,Pharmacy,5.2907287,-2.7773463,"OSM,HDX,healthsites",0.93,7325629085,Other,103.76196457905641
O'Nart Pharmacy,Pharmacy,4.9126548,-1.7866416,"OSM,HDX,healthsites",0.81,9609537376,Other,160.25762159182216
O. K Pharmacy,Pharmacy,7.352377,-2.3450168,"OSM,HDX,healthsites",0.82,5404139622,Other,110.97742117163735
O.K Honesty Pharmacy,Pharmacy,6.6842652,-1.5782163,"OSM,HDX,healthsites",0.81,11396929200,Other,46.153336621107336
OBM Pharmacy,Pharmacy,5.7364094,-0.014269,"OSM,HDX,healthsites",0.81,6019652556,Other,70.32811241601124
Oakridge Pharmacy - Ayigya,Pharmacy,6.6950026,-1.5684444,"OSM,HDX,healthsites",0.81,11398466380,Other,44.60324968259097
Obaapa OTC,Pharmacy,6.6583093,-1.5120207,"OSM,HDX,healthsites",0.82,11009070652,Other,45.99228447105055
Obarsi Pharmacy,Pharmacy,9.3991278,-0.8322506,"OSM,HDX,healthsites",0.82,7133423364,Other,104.88866750521694
Offshore Pharmacy,Pharmacy,5.6766737,-0.1764381,"OSM,HDX,healthsites",0.81,10650638987,Other,65.3917414428358
Offshore Pharmacy,Pharmacy,5.6788504,-0.179026,OSM,0.53,1125972897,Other,65.04685731673383
Ofoe's Pharmacy,Pharmacy,6.0997977,0.1262578,"OSM,HDX,healthsites",0.82,9895315827,Other,43.172327654941896
Oguaaman Pharmacy,Pharmacy,5.1110396,-1.2413359,"OSM,HDX,healthsites",0.81,8001394707,Other,149.44075508934284
Oheneba Pharmacy,Pharmacy,6.6228188,-1.2169826,"OSM,HDX,healthsites",0.81,5715210441,Other,51.24475234128855
Okam,Pharmacy,10.9795656,-1.1057123,"OSM,HDX,healthsites",0.81,6542893588,Other,77.38873700055056
Okofoni Pharmacy,Pharmacy,7.3428112,-2.2626999,"OSM,HDX,healthsites",0.81,9930507819,Other,101.99651610772932
Op Pharmacy,Pharmacy,5.607446,-0.2460546,"OSM,HDX,healthsites",0.81,5727975621,Other,69.45749429162787
Opac Pharmacy,Pharmacy,9.3996766,-0.8507399,"OSM,HDX,healthsites",0.82,6657361532,Other,104.90858192245427
Origin Chemist,Pharmacy,5.7793367,-0.0002877,"OSM,HDX,healthsites",0.81,10281418286,Other,68.03876063319855
Origin Chemist,Pharmacy,5.6393768,-0.1069242,"OSM,HDX,healthsites",0.81,11128865424,Other,72.74674109605176
Origin Chemist,Pharmacy,5.6161822,-0.0920026,"OSM,HDX,healthsites",0.82,11212296537,Other,75.79694589772015
Origin Chemist,Pharmacy,5.7112465,-0.014896,"OSM,HDX,healthsites",0.81,11748974533,Other,72.34798073894046
Osbon Pharmacy,Pharmacy,5.67757,-0.1813994,"OSM,HDX,healthsites",0.82,7252688372,Other,65.05414178772027
Osons Chemist,Pharmacy,5.5601699,-0.2129584,"OSM,HDX,healthsites",0.81,6305321317,Other,75.60352086088747
Otonya Pharmacy,Pharmacy,5.3285885,-1.9810556,"OSM,HDX,healthsites",0.81,9153615070,Other,109.61763503790327
Outbox Pharmacy,Pharmacy,5.7836454,-0.1687572,"OSM,HDX,healthsites",0.82,9132743817,Other,55.59759508192461
Over Flowing Grace,Pharmacy,5.6163813,-0.1250078,"OSM,HDX,healthsites",0.81,6700429721,Other,73.95266590956604
Over the Counter,Pharmacy,5.5921219,-0.4063928,"OSM,HDX,healthsites",0.81,11248397639,Other,67.66512600109785
Owass Pharmacy,Pharmacy,5.2820633,-2.0016527,"OSM,HDX,healthsites",0.81,3793281505,Other,112.98055467654552
P.A. Mamattah Chemical Licensed Chemical Seller,Pharmacy,5.7745475,0.0013797,"OSM,HDX,healthsites",0.82,6095245468,Other,68.53778391626318
PANCEA PHARMACY,Pharmacy,6.6529401,-1.6424339,"OSM,HDX,healthsites",0.81,12222304103,Other,52.7124540645703
PNT Pharmacy,Pharmacy,5.5842416,-0.2312334,"OSM,HDX,healthsites",0.81,5959485126,Other,72.41699147425385
Pakscare Pharmacy,Pharmacy,5.6806331,-0.1833093,"OSM,HDX,healthsites",0.81,10289599302,Other,64.65642560890606
Palace Pharmaceuticals,Pharmacy,5.5660248,-0.1789112,"OSM,HDX,healthsites",0.81,5775921569,Other,76.37583185777667
Palace Pharmacy,Pharmacy,5.5843844,-0.1625714,"OSM,HDX,healthsites",0.81,6938921774,Other,75.24525749695029
PalmAid Pharmacy,Pharmacy,5.5735786,-0.1592984,"OSM,HDX,healthsites",0.81,7282918527,Other,76.482734736801
Panacea,Pharmacy,5.6346457,-0.1350806,"OSM,HDX,healthsites",0.81,11328053369,Other,71.64513247416211
Panacea Pharmacy,Pharmacy,6.7165468,-1.6300219,"OSM,HDX,healthsites",0.81,6532523822,Other,46.12147447867039
Panacea Pharmacy,Pharmacy,6.7157419,-1.5045239,"OSM,HDX,healthsites",0.81,6532644047,Other,39.705780556024976
Panacea Pharmacy,Pharmacy,5.6577641,-0.2075202,"OSM,HDX,healthsites",0.81,7637963327,Other,65.80281248264242
Parker Pharmacy,Pharmacy,5.6021472,-0.1209413,"OSM,HDX,healthsites",0.81,12025131525,Other,75.55039276636248
Paul Opoku,Pharmacy,5.5815057,-0.2015879,"OSM,HDX,healthsites",0.93,6976560804,Other,73.84283738897759
Peace Pharmacy,Pharmacy,6.6911965,-1.65929,"OSM,HDX,healthsites",0.81,6937989712,Other,50.29867275610185
Pearllane Pharmacy Ltd.,Pharmacy,6.7459266,-1.7404031,"OSM,HDX,healthsites",0.81,7494706785,Other,51.990382730817394
Pebs Pharmacy Limited,Pharmacy,5.6781119,-0.1224695,"OSM,HDX,healthsites",0.81,5301563288,Other,68.19303055061597
Penak,Pharmacy,6.8173164,-1.6478957,"OSM,HDX,healthsites",0.81,10726740142,Other,39.10082253569793
Pepmay,Pharmacy,5.6132326,-0.073848,"OSM,HDX,healthsites",0.81,6465598585,Other,77.13193788674573
Pharma George,Pharmacy,5.6302406,-0.2467304,"OSM,HDX,healthsites",0.81,7170251487,Other,67.04850755621743
Pharma Solutions,Pharmacy,5.537693,-0.4017566,"OSM,HDX,healthsites",0.81,5781989254,Other,73.70490301899184
Pharma Solutions,Pharmacy,5.5990814,-0.235073,"OSM,HDX,healthsites",0.81,5959485082,Other,70.7274008731724
Pharmaceuticals Ghana Limited,Pharmacy,10.0574927,-2.5072258,"OSM,HDX,healthsites",0.81,8957055909,Other,189.40488778898109
Pharmacy Council &National Drug,Pharmacy,5.55204,-0.2111612,"OSM,HDX,healthsites",0.81,4430018890,Other,76.51661917820435
Pharmacy Healthline & Mart Retail,Pharmacy,6.3494602,-0.4862524,"OSM,HDX,healthsites",0.81,10691785438,Other,16.824127479312665
Pharmacy Relics,Pharmacy,6.0918788,-0.255391,"OSM,HDX,healthsites",0.81,6256580101,Other,24.417715811342244
Pharmacy Royale,Pharmacy,5.5771907,-0.1654655,"OSM,HDX,healthsites",0.82,6387882669,Other,75.83703304533907
Pharmacy Shop,Pharmacy,6.6812314,-1.5736918,OSM,0.53,1080978123,Other,46.22409341534385
Pharmancy,Pharmacy,6.1008159,0.1273023,"OSM,HDX,healthsites",0.82,9895395238,Other,43.04960580279462
Pharmancy,Pharmacy,6.1024164,0.1273096,"OSM,HDX,healthsites",0.82,9895395243,Other,42.87326650616689
Pharmatrust,Pharmacy,5.6085904,-0.2449676,"OSM,HDX,healthsites",0.81,10204507604,Other,69.37612735566397
Pharmatrust,Pharmacy,5.6054701,-0.2529806,"OSM,HDX,healthsites",0.82,10617514574,Other,69.42444567773961
Pharmatrust Pharmacy,Pharmacy,5.6161888,-0.2290357,"OSM,HDX,healthsites",0.82,7164564613,Other,69.17418402870301
Pharmatrust Professional college,Pharmacy,5.552842,-0.3430429,"OSM,HDX,healthsites",0.92,7315829926,Other,72.76739253660455
Phersons Pharmacy,Pharmacy,5.6216908,-0.2307753,"OSM,HDX,healthsites",0.82,5969633908,Other,68.53669622970443
Phillis Oduro Sarah Pharmarcy,Pharmacy,5.1746706,-1.120458,"OSM,HDX,healthsites",0.81,8142911215,Other,136.0250611797405
Phimed,Pharmacy,6.6822417,-1.6568141,"OSM,HDX,healthsites",0.81,6938008914,Other,50.93175666207447
Phinas Pharmacy,Pharmacy,5.2897445,-2.7786723,"OSM,HDX,healthsites",0.93,7325296085,Other,103.9113226365667
Phinas Pharmacy,Pharmacy,5.624524,-0.0759671,"OSM,HDX,healthsites",0.81,11068707797,Other,75.95244812656519
Pida Chemist Limited,Pharmacy,6.6992648,-1.6305847,"OSM,HDX,healthsites",0.81,10581721664,Other,47.71892068733303
Pill Point,Pharmacy,5.5983927,-0.0812179,"OSM,HDX,healthsites",0.82,5714073662,Other,78.09861686813406
Pill Point,Pharmacy,5.6678356,-0.1774716,"OSM,HDX,healthsites",0.82,5749720245,Other,66.2112876659669
Pill Point Pharmacy,Pharmacy,5.646892,-0.060537,"OSM,HDX,healthsites",0.81,6700705046,Other,74.84330198174993
Pill Point Pharmacy,Pharmacy,5.5687083,-0.2867084,"OSM,HDX,healthsites",0.81,9039039190,Other,72.30090578001195
PillBox Phamacy,Pharmacy,5.6784112,-0.1741713,"OSM,HDX,healthsites",0.81,10296275200,Other,65.33618262823045
Pillpoint,Pharmacy,5.6362297,-0.1035126,"OSM,HDX,healthsites",0.81,6601013046,Other,73.24004465545677
Pillpoint Pharmacy,Pharmacy,5.6316754,-0.2520716,"OSM,HDX,healthsites",0.81,7142921288,Other,66.70577767410734
Pillpoint Pharmacy (Retail),Pharmacy,5.6470772,-0.1689755,"OSM,HDX,healthsites",0.81,5300409376,Other,68.68527792788026
Platinum P-Care,Pharmacy,5.2776429,-1.9949705,"OSM,HDX,healthsites",0.81,9602396344,Other,113.762389094083
Pokuase Pharmacy,Pharmacy,5.6728171,-0.2915176,"OSM,HDX,healthsites",0.81,7799331930,Other,61.0494734468519
Poll Point Pharmacy,Pharmacy,5.5851971,-0.1002885,"OSM,HDX,healthsites",0.81,6700466399,Other,78.29659598910764
Power Shower Pharmacy,Pharmacy,5.648972,-0.0764754,"OSM,HDX,healthsites",0.82,10948757093,Other,73.6591826573711
Praso Pharmacy,Pharmacy,5.6111249,-1.5487222,"OSM,HDX,healthsites",0.81,10284772618,Other,121.33873621493703
Premium Pharmacy and Mart,Pharmacy,5.5524154,-0.1783399,"OSM,HDX,healthsites",0.81,6700363806,Other,77.78963664882725
Presben Pharmacy Limited,Pharmacy,7.0886248,-2.0267916,"OSM,HDX,healthsites",0.81,7574477905,Other,70.94924389354175
Priceline Pharmacy,Pharmacy,6.8715388,-1.5099093,"OSM,HDX,healthsites",0.81,9993863978,Other,24.462330916552222
PrijoPharma,Pharmacy,5.6424691,-0.2497405,"OSM,HDX,healthsites",0.81,7316574318,Other,65.66195324349576
Prime,Pharmacy,5.6388459,-0.1230814,"OSM,HDX,healthsites",0.81,6446698786,Other,71.89009558035104
Prime,Pharmacy,5.6043836,-0.1752295,"OSM,HDX,healthsites",0.81,9123339417,Other,72.65108171339106
Prime Pharmacy,Pharmacy,5.6007128,-0.2252321,"OSM,HDX,healthsites",0.81,6593471393,Other,70.9256695786302
Prince Obour Mintah Pharmacy,Pharmacy,5.8215851,-2.8225803,"OSM,HDX,healthsites",0.81,8048887331,Other,54.67705583941704
Pro-Life Pharmacy,Pharmacy,5.6010349,-0.1198714,"OSM,HDX,healthsites",0.81,1590950161,Other,75.71502892149435
Provider Pharmacy,Pharmacy,5.8089251,-2.4368761,"OSM,HDX",0.67,13546460981,Other,41.59256639509345
QP Pharmacy,Pharmacy,5.6735972,-0.1146084,"OSM,HDX,healthsites",0.81,12580368164,Other,69.07701615858393
QuasiPharma,Pharmacy,5.5526358,-0.1842526,"OSM,HDX,healthsites",0.81,7213787583,Other,77.51972677408271
RX Pharmacy,Pharmacy,5.7496538,-0.1825066,"OSM,HDX,healthsites",0.83,7331952065,Other,57.98679218452081
Rabille Pharmacy,Pharmacy,5.6059247,-0.2470625,"OSM,HDX,healthsites",0.81,9595225678,Other,69.58151356181996
Rabito Pharmacy,Pharmacy,6.2910843,-0.4746788,"OSM,HDX,healthsites",0.81,9922896817,Other,10.269716272916524
Rabitto Pharmacy,Pharmacy,6.2913819,-0.4743928,"OSM,HDX,healthsites",0.81,10691788254,Other,10.291404947447855
Radiance Pharmacy,Pharmacy,5.6686491,-0.1880574,"OSM,HDX,healthsites",0.81,5210899221,Other,65.6118840558036
"Rahma Pharmacy Limited, Yeji",Pharmacy,8.22882,-0.6501933,"OSM,HDX,healthsites",0.82,11329489169,Other,84.9182644221842
Raise chemist,Pharmacy,5.6526296,-0.2506619,"OSM,HDX,healthsites",0.81,7267248249,Other,64.56853188053509
Range Pharmacy,Pharmacy,6.6812402,-1.6339319,"OSM,HDX,healthsites",0.81,10695762643,Other,49.577148117678604
Ranstell Pharmacy,Pharmacy,5.898781,0.5225453,"OSM,HDX,healthsites",0.81,9368231190,Other,76.42556802730262
Reanie Chemist Limited,Pharmacy,5.6097826,-0.1804577,"OSM,HDX,healthsites",0.81,5732865813,Other,71.86872227572873
Rebeacon Chemists Limited,Pharmacy,5.6659402,-0.2042964,"OSM,HDX,healthsites",0.81,10261046914,Other,65.12172861303006
Regent Pharmacy,Pharmacy,5.5661853,-0.2335634,"OSM,HDX,healthsites",0.81,5751454691,Other,74.22354955901581
Regiben Pharmacy,Pharmacy,5.358401,-0.6330962,"OSM,HDX,healthsites",0.82,8942194408,Other,95.63437999175439
Reinna Pharmacy,Pharmacy,5.6750445,-0.1209314,"OSM,HDX,healthsites",0.81,13061601830,Other,68.57117746386346
Rejoice Sename,Pharmacy,5.5086452,-0.3366135,"OSM,HDX,healthsites",0.81,7775298756,Other,77.70614673087786
Relish/Akai,Pharmacy,5.5663633,-0.1829188,"OSM,HDX,healthsites",0.81,4462237991,Other,76.17035871354422
Retina Pharmacy,Pharmacy,5.6424756,-0.1096018,"OSM,HDX,healthsites",0.81,6502579538,Other,72.30016741194272
Revman Pharmacy,Pharmacy,5.609216,-0.2457014,"OSM,HDX,healthsites",0.82,5965868710,Other,69.28453043048337
Rhamshiv Pharmacy,Pharmacy,5.6412601,-0.1739646,"OSM,HDX,healthsites",0.81,5235963521,Other,69.01834630975013
Rhino Pharmacy,Pharmacy,5.6537763,-0.0641564,"OSM,HDX,healthsites",0.82,10980545163,Other,73.98934545682616
Riad,Pharmacy,5.902439,0.9889165,"OSM,HDX,healthsites",0.81,7120536455,Other,112.09711805049733
Rich Pharmacy,Pharmacy,5.6113988,-0.2439209,"OSM,HDX,healthsites",0.93,6290813210,Other,69.11954263885625
Richard Kokah Pharmacy,Pharmacy,5.8226662,-2.8213036,"OSM,HDX,healthsites",0.81,8015037289,Other,54.493124302379044
Richben Pharmacy Limited,Pharmacy,5.5905479,-0.1814424,"OSM,HDX,healthsites",0.82,5236480338,Other,73.77125566628344
Riky Pharmacy,Pharmacy,9.4054438,-0.8414646,"OSM,HDX,healthsites",0.81,1814485423,Other,104.22589072286928
Rima-Riva,Pharmacy,6.6957486,-1.6563211,"OSM,HDX,healthsites",0.81,6937973927,Other,49.699072618883434
Robbie's Chemist,Pharmacy,5.6009615,-0.2307241,"OSM,HDX,healthsites",0.81,6352298093,Other,70.69228051735041
Robert Gyedu Pharmacy,Pharmacy,4.9113515,-1.777753,"OSM,HDX,healthsites",0.81,7745148440,Other,160.8610314025448
Rock Chemist,Pharmacy,5.6305756,-0.2350594,"OSM,HDX,healthsites",0.82,5987250116,Other,67.45050865052653
Rockwell Pharmacy And Mart,Pharmacy,5.730797,0.0277715,"OSM,HDX,healthsites",0.81,6031380950,Other,74.00902764329739
Rokdel,Pharmacy,6.6751253,-1.5587101,"OSM,HDX,healthsites",0.81,11290265326,Other,46.1165392097595
Roman Pharmacy Limited,Pharmacy,6.1029224,-0.2664831,"OSM,HDX,healthsites",0.81,6281690204,Other,22.746952381572715
Rose Arthur Pharmacy,Pharmacy,5.8229612,-2.8240147,"OSM,HDX,healthsites",0.81,8048899892,Other,54.67524980662507
Rose Aryiretey Licenced Chemical Seller,Pharmacy,9.4274108,-0.857189,"OSM,HDX,healthsites",0.82,2509337553,Other,101.88334536830367
Rosmond Pharmacy,Pharmacy,5.6093419,-0.1120154,"OSM,HDX,healthsites",0.82,8071501405,Other,75.33241224117495
Ryt Pharmacy Ho,Pharmacy,6.6200096,0.4712475,"OSM,HDX,healthsites",0.82,2319464976,Other,37.11460343073632
S Fuseini OTC,Pharmacy,5.6718965,-0.1225815,"OSM,HDX,healthsites",0.81,13061587013,Other,68.77233642877296
S.A Abande Medical Store,Pharmacy,5.1400038,-1.2451388,"OSM,HDX,healthsites",0.81,8077139065,Other,147.11725109612487
S.K Agyapong Over the Canter,Pharmacy,5.6048372,-0.0805365,"OSM,HDX,healthsites",0.81,6478425887,Other,77.5289377148
S.K Nsiah,Pharmacy,6.8040709,-2.516032,"OSM,HDX,healthsites",0.81,6653483985,Other,68.88223419948932
SDA Hospital Pharmacy,Pharmacy,6.6995571,-1.6598347,"OSM,HDX,healthsites",0.82,12556609499,Other,49.59986219715413
SDG P-Mocent Pharmacy Ltd.,Pharmacy,6.6599124,-1.5287746,"OSM,HDX,healthsites",0.81,11401569432,Other,46.42203807622439
Saaka Saeed,Pharmacy,9.9944517,-2.5150058,"OSM,HDX",0.67,13537244660,Other,191.5600926219798
Sadas Chemists,Pharmacy,5.5670145,-0.162997,"OSM,HDX,healthsites",0.81,6387882586,Other,76.97593024882717
Safe life Pharmacy,Pharmacy,5.107106,-1.2524163,"OSM,HDX,healthsites",0.81,6521200239,Other,150.5176273389548
Sakeena Ofosu,Pharmacy,5.6583712,-0.2536678,"OSM,HDX,healthsites",0.81,6975562195,Other,63.8587924249419
Salbelia Licenced Chemical Store,Pharmacy,9.4529281,-0.844909,"OSM,HDX,healthsites",0.82,6657453042,Other,98.99494626080525
Samsel,Pharmacy,5.6062227,-0.115103,"OSM,HDX,healthsites",0.81,8707722417,Other,75.46641217852077
Samuel Ntifful Pharmarcy,Pharmacy,5.1741366,-1.1216926,"OSM,HDX,healthsites",0.81,8142883220,Other,136.14955110310135
Sancotex Pharmacy,Pharmacy,5.111872,-1.2453892,"OSM,HDX,healthsites",0.82,6532592716,Other,149.63160629759804
Santa,Pharmacy,5.6817878,-0.0501367,"OSM,HDX,healthsites",0.81,6816243585,Other,72.39886750593594
Santa Theres Pharmacy,Pharmacy,5.628528,-0.0839941,"OSM,HDX,healthsites",0.82,10970871490,Other,75.10159951031383
Sapphire Pharmacy,Pharmacy,5.6918317,-0.0234565,OSM,0.53,930106836,Other,73.36658489581313
Saqs Pharmacy,Pharmacy,6.6717718,-1.6051833,"OSM,HDX,healthsites",0.81,6593269623,Other,48.79600341192389
Sarps Pharmacy,Pharmacy,6.6890214,-1.6135559,"OSM,HDX,healthsites",0.81,6037962270,Other,47.63378874353577
Scab,Pharmacy,7.5931823,-1.9360394,"OSM,HDX,healthsites",0.81,10875107299,Other,85.1138024718906
Sebatos,Pharmacy,5.6037136,-0.086643,"OSM,HDX,healthsites",0.92,5714094831,Other,77.2844309009591
Seed Pharmacy,Pharmacy,5.6824012,-0.1203462,"OSM,HDX,healthsites",0.81,12686045454,Other,67.91450639634196
Selack Pharmacy,Pharmacy,6.1292114,0.7952012,"OSM,HDX,healthsites",0.82,12945100702,Other,80.4974746506195
Select,Pharmacy,5.5516399,-0.3294584,"OSM,HDX,healthsites",0.81,9738244761,Other,73.1495021312585
Senes Pharmacy,Pharmacy,5.7728011,-0.0012935,"OSM,HDX,healthsites",0.82,6095220985,Other,68.45813299337556
Senes Pharmacy,Pharmacy,5.6975559,-0.037444,"OSM,HDX,healthsites",0.81,9592393312,Other,71.89522186372007
Senes Pharmacy,Pharmacy,5.6220342,-0.0565894,"OSM,HDX,healthsites",0.82,10997377831,Other,77.36020976324095
Septal,Pharmacy,5.6005416,-0.2389855,"OSM,HDX,healthsites",0.81,5956685479,Other,70.43268199385939
Sergen,Pharmacy,5.5999959,-0.2550004,"OSM,HDX,healthsites",0.82,7215965920,Other,69.93258690913906
Seven Stars Chemist Limited,Pharmacy,6.7472086,-1.6397916,"OSM,HDX,healthsites",0.81,6532656562,Other,44.09877501948337
Seyama Pharmaceuticals,Pharmacy,5.5819067,-0.2302298,"OSM,HDX,healthsites",0.81,6278004864,Other,72.6973971928296
Shapelife Pharmacy,Pharmacy,6.1878525,-0.3640493,"OSM,HDX,healthsites",0.82,12896757065,Other,9.238993389765115
Shekiel Pharmacy,Pharmacy,7.3330768,-2.3261551,"OSM,HDX,healthsites",0.81,6503866994,Other,108.36593626453138
Sibs Pharmacy Limited,Pharmacy,5.55949,-0.1595029,"OSM,HDX",0.67,13527398544,Other,77.89355988791688
Sievako Pharmacy Limited,Pharmacy,5.5916097,-0.2045251,"OSM,HDX,healthsites",0.93,7018299902,Other,72.68406028473974
Sing Praises,Pharmacy,5.6064469,-0.0861401,"OSM,HDX,healthsites",0.81,5708784721,Other,77.05427363007564
Sir Swanzy Chemicals,Pharmacy,5.5896952,-0.2583591,"OSM,HDX,healthsites",0.81,7198661876,Other,70.90913552287009
Six Stars Pharmacy,Pharmacy,7.3287889,-2.3224953,"OSM,HDX,healthsites",0.81,6504090026,Other,107.84458261036893
Skycare Pharmacy,Pharmacy,6.1060628,-0.2476063,"OSM,HDX,healthsites",0.81,6372816494,Other,24.44100728967937
Slava Pharmacy,Pharmacy,9.427893,-0.8421459,"OSM,HDX,healthsites",0.82,1815412130,Other,101.74802956703147
Solutions Pharmaceuticals Limited,Pharmacy,5.6409902,-0.1774232,"OSM,HDX,healthsites",0.81,5300408284,Other,68.87886305797056
Speed Pharmacy,Pharmacy,5.5955838,-0.1336578,"OSM,HDX,healthsites",0.81,5322314854,Other,75.53382640247246
St Kem Pharmacy,Pharmacy,5.6680847,-0.1818992,"OSM,HDX,healthsites",0.81,5794952811,Other,65.96773046383193
St. Martin's Chemists,Pharmacy,5.289648,-2.7782106,"OSM,HDX,healthsites",0.93,7329467685,Other,103.90543334165434
St.DOMINIC,Pharmacy,6.8496529,-1.3971473,"OSM,HDX,healthsites",0.81,4595157289,Other,22.69068665012643
Stadium Pharmacy Limited,Pharmacy,9.4077224,-0.8622684,"OSM,HDX,healthsites",0.81,6544021969,Other,104.09041946436915
Star Med,Pharmacy,5.5854364,-0.1022472,"OSM,HDX,healthsites",0.82,7600588293,Other,78.16760113180086
Starwin Products Ltd,Pharmacy,5.5589459,-0.2227967,"OSM,HDX,healthsites",0.81,4430009890,Other,75.36614680347728
Stellex Pharmacy,Pharmacy,6.6247696,-1.2112917,"OSM,HDX,healthsites",0.81,11203594894,Other,51.27670387106822
Sterada Pharmacy Limited,Pharmacy,5.5757875,-0.188781,"OSM,HDX,healthsites",0.82,6892763208,Other,74.9592580575942
Stramark Pharmacy,Pharmacy,6.584648,0.4623838,"OSM,HDX,healthsites",0.81,8542710917,Other,34.83002085224348
Strong Pharmacy,Pharmacy,5.6451368,-0.0941693,"OSM,HDX,healthsites",0.83,10967534119,Other,72.94675407739932
Success Key Pharmacy and Mini Mart,Pharmacy,5.6037671,-0.2434982,"OSM,HDX,healthsites",0.81,10280126882,Other,69.93354338744412
Success Pharmacy,Pharmacy,5.7507063,-0.1848405,"OSM,HDX,healthsites",0.93,6464523586,Other,57.756347045585365
Sunday Medicine,Pharmacy,9.3856902,-0.8557914,"OSM,HDX,healthsites",0.82,6657361486,Other,106.48208222578934
Supreme Total Care;ECG Sales Point,Pharmacy,5.7669219,0.0088949,OSM,0.53,1246021750,Other,69.72219270407345
Swanlake Pharmacy,Pharmacy,5.6564277,-0.2521363,"OSM,HDX,healthsites",0.81,7267284362,Other,64.11806937723121
Syrene Health Services,Pharmacy,5.5446575,-0.213842,"OSM,HDX,healthsites",0.81,6218840085,Other,77.1854115420378
T T medicine shop,Pharmacy,7.7931639,-0.060264,"OSM,HDX,healthsites",0.81,5938286600,Other,5.2964577107882915
T.M Pharmacy,Pharmacy,6.7820006,-1.5780984,"OSM,HDX,healthsites",0.81,9765881079,Other,36.89461754081274
TC Pharmacy,Pharmacy,6.0953855,-0.256408,"OSM,HDX,healthsites",0.81,6256615236,Other,24.127271817842534
TJ Nhyira Herbal Home,Pharmacy,5.5969511,-0.1185132,"OSM,HDX,healthsites",0.81,6779147423,Other,76.18377047520113
TTL Pharmacy,Pharmacy,7.3648414,-2.3154087,"OSM,HDX,healthsites",0.81,10237531632,Other,108.28670554591514
Tap Pharmacy,Pharmacy,5.6902692,-0.1969148,"OSM,HDX,healthsites",0.82,6703755509,Other,63.03253435876901
Tedgin Services,Pharmacy,5.1281188,-1.2741336,"OSM,HDX,healthsites",0.81,6556876189,Other,150.1104207181025
Tedolex Pharmacy,Pharmacy,5.6080762,-0.2422966,"OSM,HDX,healthsites",0.81,5199760922,Other,69.52547033135983
Telad Pharmacy,Pharmacy,5.6927425,-0.1721517,"OSM,HDX,healthsites",0.81,4400511291,Other,64.03945784473741
Telad Pharmay,Pharmacy,5.6833155,-0.132243,"OSM,HDX,healthsites",0.81,5029455806,Other,67.137425794306
The Mall Pharmacy,Pharmacy,5.6130891,-0.0720014,"OSM,HDX,healthsites",0.81,6919099377,Other,77.25483077691752
The Medipoint,Pharmacy,5.6326678,-0.1396273,"OSM,HDX,healthsites",0.81,5083433636,Other,71.59694481767804
Theodore Semey Kwaku,Pharmacy,5.9109714,0.9906113,"OSM,HDX,healthsites",0.81,3960377428,Other,111.70747989243088
Theonic Pharmacy,Pharmacy,5.7086378,-0.0160686,"OSM,HDX,healthsites",0.81,7812284286,Other,72.47963647626453
Thomas Amonle Pharmacy,Pharmacy,5.2919803,-2.7712444,"OSM,HDX,healthsites",0.93,7325629087,Other,103.42093252634176
Three Ace Pharmacy,Pharmacy,5.5900471,-0.1114176,"OSM,HDX,healthsites",0.81,6586388406,Other,77.23011991482393
Tifere Abdullai,Pharmacy,9.8671914,-2.4390963,"OSM,HDX,healthsites",0.82,9403707435,Other,186.95668283198694
Timeless Pharmacy,Pharmacy,7.397837,-2.1832994,"OSM,HDX,healthsites",0.81,6702615980,Other,95.94305419097893
Tinattet Herbal Centre,Pharmacy,5.5875704,-0.0989921,"OSM,HDX,healthsites",0.81,6732455567,Other,78.13829938041472
Tobinco,Pharmacy,4.8963519,-1.7636828,"OSM,HDX,healthsites",0.82,5046972667,Other,163.0702436540629
Tobinco,Pharmacy,5.5794498,-0.2653315,"OSM,HDX,healthsites",0.81,9602395871,Other,71.77383191292897
Tobinco Pharmaceuticals Limited,Pharmacy,5.593222,-0.2065569,"OSM,HDX,healthsites",0.81,5005175758,Other,72.43557929946515
Tobinco Pharmacy,Pharmacy,4.9086545,-1.7698019,"OSM,HDX,healthsites",0.81,7745633847,Other,161.5516995403706
Tobinco Pharmacy,Pharmacy,5.5508326,-0.2076851,"OSM,HDX,healthsites",0.81,9942010487,Other,76.77377756884535
Tofeefy Pharmacy,Pharmacy,5.6524842,-0.2469216,"OSM,HDX,healthsites",0.81,7471932854,Other,64.7237017122346
Tohaba Pharmacy,Pharmacy,5.6222037,-0.1242919,"OSM,HDX,healthsites",0.81,6700460529,Other,73.42716191737927
Tony Joyce Pharmacy,Pharmacy,5.6011009,-0.1203926,"OSM,HDX,healthsites",0.82,6575423200,Other,75.68108469722978
Tonya,Pharmacy,5.276609,-2.0040279,"OSM,HDX,healthsites",0.81,10589701128,Other,113.38860357514098
Tonya Pharmacy,Pharmacy,5.3110481,-1.9924771,"OSM,HDX,healthsites",0.81,5435600812,Other,110.66394210156218
Top Pill,Pharmacy,5.6515282,-0.0071048,"OSM,HDX,healthsites",0.81,6453275522,Other,77.96828540264082
Top Pill Pharmacy,Pharmacy,5.6725626,-0.0148422,"OSM,HDX,healthsites",0.81,4313553906,Other,75.61906798417144
Top in Town Pharmacy and Mart,Pharmacy,5.6448412,-0.0923298,"OSM,HDX,healthsites",0.82,11002821720,Other,73.08339505513985
Top up pharmacy,Pharmacy,5.6325774,-0.0132763,"OSM,HDX,healthsites",0.81,11056783508,Other,79.20233920467804
Top-Up Pharmacy,Pharmacy,5.5646008,-0.1811741,"OSM,HDX,healthsites",0.81,5128388439,Other,76.42445931215825
Top-Up Pharmacy,Pharmacy,5.6255176,-0.0778727,"OSM,HDX,healthsites",0.82,6742877664,Other,75.74613083953982
Top-up,Pharmacy,5.7513455,-0.0089373,"OSM,HDX,healthsites",0.81,10264578937,Other,69.53543834911225
Topmed Pharmacy,Pharmacy,5.7573286,-0.3311414,"OSM,HDX,healthsites",0.81,6925089485,Other,50.87278804599183
Trafalgar Gate Pharmacy,Pharmacy,6.6037836,0.4832234,"OSM,HDX,healthsites",0.82,6553299076,Other,37.693080266268936
Treasure Image Pharmacy,Pharmacy,5.5279801,-0.3871832,"OSM,HDX,healthsites",0.81,3830300488,Other,74.90017448054667
Trekanet Pharmacy,Pharmacy,6.7289428,-1.6438374,"OSM,HDX,healthsites",0.82,6166883975,Other,45.9504006716801
Trust Aid Pharmacy,Pharmacy,5.6914012,-0.0330293,OSM,0.53,931986016,Other,72.73194236415378
Trust Care Pharmacy,Pharmacy,9.459276,-0.8456562,"OSM,HDX,healthsites",0.82,6657453038,Other,98.29740413295792
Tudu Pharmacy,Pharmacy,5.5530775,-0.2082687,"OSM,HDX,healthsites",0.81,5150562249,Other,76.5184323881516
UB Pharmacy,Pharmacy,9.39557,-0.8479453,"OSM,HDX,healthsites",0.82,6657361530,Other,105.34760912089921
"Unicaom Chemist Limited, Wholesale",Pharmacy,5.6066931,-0.2479243,"OSM,HDX,healthsites",0.81,10307345656,Other,69.47070210415782
Unicom,Pharmacy,5.6678207,-0.1885677,"OSM,HDX,healthsites",0.81,5824861049,Other,65.66979960093607
Unicom,Pharmacy,5.6680965,-0.2397791,"OSM,HDX,healthsites",0.81,10249852524,Other,63.384155029958364
Unicom Chemist,Pharmacy,5.687461,-0.1153529,"OSM,HDX,healthsites",0.81,12658040471,Other,67.73842084703656
Unicom Chemist Limited,Pharmacy,5.5592037,-0.2652905,"OSM,HDX,healthsites",0.82,2574744949,Other,73.92777122148829
Unicom Pharmacy,Pharmacy,5.5615008,-0.1820782,"OSM,HDX,healthsites",0.81,9795356718,Other,76.70289910923546
Unicorn Chemist Limited,Pharmacy,5.5715983,-0.2331402,"OSM,HDX,healthsites",0.82,10285787760,Other,73.67107814251894
Union Square Pharmacy,Pharmacy,5.1368021,-1.2718076,"OSM,HDX,healthsites",0.81,8086059307,Other,149.19292277969024
Unnamed Pharmacy,Pharmacy,5.0964895,-1.3366499,"OSM,HDX,healthsites",0.61,784183691,Other,157.1479181582809
Unnamed Pharmacy,Pharmacy,5.6136399,-0.1959567,"OSM,HDX,healthsites",0.61,1251736937,Other,70.79048947545047
Unnamed Pharmacy,Pharmacy,5.613723,-0.1970549,"OSM,HDX,healthsites",0.61,1251736965,Other,70.73451470211903
Unnamed Pharmacy,Pharmacy,9.4070156,-0.8413305,"OSM,HDX,healthsites",0.61,1813427817,Other,104.0515945464262
Unnamed Pharmacy,Pharmacy,9.4549391,-0.8618576,"OSM,HDX,healthsites",0.61,1880284528,Other,98.87565413406614
Unnamed Pharmacy,Pharmacy,6.9822811,-2.38736,"OSM,HDX,healthsites",0.61,2189771725,Other,89.15180040921891
Unnamed Pharmacy,Pharmacy,6.1301195,0.7902956,"OSM,HDX,healthsites",0.61,2967647199,Other,79.97598598827021
Unnamed Pharmacy,Pharmacy,5.5698108,-0.2393468,"OSM,HDX,healthsites",0.61,3073535099,Other,73.6417071337508
Unnamed Pharmacy,Pharmacy,5.566578,-0.2150059,"OSM,HDX,healthsites",0.61,3109291372,Other,74.86001592574326
Unnamed Pharmacy,Pharmacy,6.7121104,-1.522454,"OSM,HDX,healthsites",0.61,4028748318,Other,40.778262231221376
Unnamed Pharmacy,Pharmacy,5.6238756,-0.2406312,"OSM,HDX,healthsites",0.61,4558008436,Other,67.9368272921612
Unnamed Pharmacy,Pharmacy,5.498851,-0.3669524,"OSM,HDX,healthsites",0.61,4771159343,Other,78.32892130563094
Unnamed Pharmacy,Pharmacy,6.6871482,-1.573681,"OSM,HDX,healthsites",0.61,4938323585,Other,45.6400957825986
Unnamed Pharmacy,Pharmacy,5.5695016,-0.1684745,"OSM,HDX,healthsites",0.61,5017201476,Other,76.47888739255187
Unnamed Pharmacy,Pharmacy,5.9986489,0.5951591,"OSM,HDX,healthsites",0.61,5087711022,Other,72.2978515750766
Unnamed Pharmacy,Pharmacy,5.652991,-0.1300362,"OSM,HDX,healthsites",0.61,5210012726,Other,70.14994471592128
Unnamed Pharmacy,Pharmacy,5.6828539,-0.1361645,"OSM,HDX,healthsites",0.61,5301563451,Other,66.95745937613825
Unnamed Pharmacy,Pharmacy,5.5593212,-0.2226058,"OSM,HDX,healthsites",0.61,5331310697,Other,75.33388792027941
Unnamed Pharmacy,Pharmacy,4.9206948,-1.7667953,"OSM,HDX,healthsites",0.61,5331770567,Other,160.55685511094862
Unnamed Pharmacy,Pharmacy,5.3094326,-1.996409,"OSM,HDX,healthsites",0.61,5359291446,Other,110.6059768412306
Unnamed Pharmacy,Pharmacy,6.1013264,1.1474524,"OSM,HDX,healthsites",0.61,5396300917,Other,117.09625145480318
Unnamed Pharmacy,Pharmacy,5.5316828,-0.7004953,"OSM,HDX,healthsites",0.61,5535380932,Other,79.36878461659433
Unnamed Pharmacy,Pharmacy,5.5835083,-0.1420238,"OSM,HDX,healthsites",0.61,5548620423,Other,76.30996467310284
Unnamed Pharmacy,Pharmacy,5.0162252,-1.6646342,"OSM,HDX,healthsites",0.61,5702634402,Other,157.70296208244235
Unnamed Pharmacy,Pharmacy,6.0269096,0.3754811,"OSM,HDX,healthsites",0.61,5718409412,Other,56.22439662711002
Unnamed Pharmacy,Pharmacy,5.6480385,-0.179018,"OSM,HDX,healthsites",0.61,5727975623,Other,68.09979037297961
Unnamed Pharmacy,Pharmacy,5.5823037,-0.2165687,"OSM,HDX,healthsites",0.61,5752205059,Other,73.16782086965203
Unnamed Pharmacy,Pharmacy,5.5477393,-0.3390086,"OSM,HDX,healthsites",0.61,5759224255,Other,73.39566470383036
Unnamed Pharmacy,Pharmacy,5.5555436,-0.3400994,"OSM,HDX,healthsites",0.61,5759607065,Other,72.52444457207118
Unnamed Pharmacy,Pharmacy,5.5372239,-0.4061125,"OSM,HDX,healthsites",0.61,5761487654,Other,73.72604632355495
Unnamed Pharmacy,Pharmacy,5.5396332,-0.4032044,"OSM,HDX,healthsites",0.61,5825259462,Other,73.48026358947398
Unnamed Pharmacy,Pharmacy,5.5709345,-0.2325917,"OSM,HDX,healthsites",0.61,5955240783,Other,73.76008207995451
Unnamed Pharmacy,Pharmacy,5.5875796,-0.2354186,"OSM,HDX,healthsites",0.61,5995822045,Other,71.9167059337225
Unnamed Pharmacy,Pharmacy,5.7907414,0.0027746,"OSM,HDX,healthsites",0.61,6019717391,Other,67.42633526818175
Unnamed Pharmacy,Pharmacy,5.8930467,0.985625,"OSM,HDX,healthsites",0.61,6032340907,Other,112.40603355951905
Unnamed Pharmacy,Pharmacy,5.6503333,-0.1503631,"OSM,HDX,healthsites",0.61,6110516415,Other,69.31317069470012
Unnamed Pharmacy,Pharmacy,5.5759148,-0.2086516,"OSM,HDX,healthsites",0.61,6195403488,Other,74.13727174542993
Unnamed Pharmacy,Pharmacy,5.6102627,-0.242815,"OSM,HDX,healthsites",0.73,6290813213,Other,69.2781301602881
Unnamed Pharmacy,Pharmacy,5.4282328,-0.958741,"OSM,HDX,healthsites",0.61,6299186460,Other,102.74813062568396
Unnamed Pharmacy,Pharmacy,6.456391,-2.3224632,"OSM,HDX,healthsites",0.72,6355598417,Other,35.24518545422587
Unnamed Pharmacy,Pharmacy,6.8636138,-2.4477957,"OSM,HDX,healthsites",0.61,6356540173,Other,75.4879667550276
Unnamed Pharmacy,Pharmacy,5.5364635,-0.2213445,"OSM,HDX,healthsites",0.61,6380664285,Other,77.77037585860809
Unnamed Pharmacy,Pharmacy,6.1083771,-0.0110179,"OSM,HDX,healthsites",0.61,6431460586,Other,46.21410297196087
Unnamed Pharmacy,Pharmacy,6.1209826,-0.0028942,"OSM,HDX,healthsites",0.61,6431468287,Other,44.5731927241278
Unnamed Pharmacy,Pharmacy,6.14357,0.0083981,"OSM,HDX,healthsites",0.61,6431496185,Other,41.78255825422699
Unnamed Pharmacy,Pharmacy,5.6170947,-0.0945573,"OSM,HDX,healthsites",0.61,6457590491,Other,75.56444133931643
Unnamed Pharmacy,Pharmacy,5.607243,-0.249139,"OSM,HDX,healthsites",0.61,6462221587,Other,69.3705802003165
Unnamed Pharmacy,Pharmacy,5.750034,-0.1827257,"OSM,HDX,healthsites",0.61,6465302585,Other,57.93824678116946
Unnamed Pharmacy,Pharmacy,6.0975596,-0.2561659,"OSM,HDX,healthsites",0.61,6481547066,Other,24.033335559517454
Unnamed Pharmacy,Pharmacy,5.6045211,-0.2448186,"OSM,HDX,healthsites",0.61,6489258742,Other,69.80773084489044
Unnamed Pharmacy,Pharmacy,6.7724299,-1.6459341,"OSM,HDX,healthsites",0.61,6533649583,Other,42.44386575963592
Unnamed Pharmacy,Pharmacy,7.8337554,-1.7955021,"OSM,HDX,healthsites",0.61,6535939308,Other,97.34150456241134
Unnamed Pharmacy,Pharmacy,8.6646154,-1.5197944,"OSM,HDX,healthsites",0.61,6535940042,Other,178.68566310255235
Unnamed Pharmacy,Pharmacy,8.0533061,-1.7270297,"OSM,HDX,healthsites",0.61,6535944367,Other,116.71468820612996
Unnamed Pharmacy,Pharmacy,10.9043434,-1.091216,"OSM,HDX,healthsites",0.61,6542893585,Other,69.22241873629002
Unnamed Pharmacy,Pharmacy,9.500901,-0.0239287,"OSM,HDX,healthsites",0.61,6548963821,Other,126.75467302240797
Unnamed Pharmacy,Pharmacy,9.037465,-0.0120927,"OSM,HDX,healthsites",0.61,6548964684,Other,137.07144161995447
Unnamed Pharmacy,Pharmacy,8.5873985,0.2390698,"OSM,HDX,healthsites",0.61,6548972961,Other,91.58959198184589
Unnamed Pharmacy,Pharmacy,9.21908,0.0218496,"OSM,HDX,healthsites",0.61,6548982136,Other,154.15216897174264
Unnamed Pharmacy,Pharmacy,8.8582192,0.05635,"OSM,HDX,healthsites",0.61,6548990403,Other,117.49166655710323
Unnamed Pharmacy,Pharmacy,8.8558351,0.0578184,"OSM,HDX,healthsites",0.61,6548996226,Other,117.23911146805182
Unnamed Pharmacy,Pharmacy,8.7950798,0.0600275,"OSM,HDX,healthsites",0.61,6548997724,Other,110.55248633850913
Unnamed Pharmacy,Pharmacy,9.2826508,0.0185152,"OSM,HDX,healthsites",0.61,6548999012,Other,148.29146896078586
Unnamed Pharmacy,Pharmacy,8.2603024,0.5222614,"OSM,HDX,healthsites",0.61,6548999493,Other,78.02603088803838
Unnamed Pharmacy,Pharmacy,5.7148515,-0.0144732,"OSM,HDX,healthsites",0.61,6553270613,Other,72.07992180651718
Unnamed Pharmacy,Pharmacy,6.8446732,0.4353927,"OSM,HDX,healthsites",0.61,6553277206,Other,49.61823127649327
Unnamed Pharmacy,Pharmacy,5.7194571,-0.0132306,"OSM,HDX,healthsites",0.61,6553299077,Other,71.79118218572951
Unnamed Pharmacy,Pharmacy,5.6889911,-0.0132154,"OSM,HDX,healthsites",0.61,6553299805,Other,74.33504738365987
Unnamed Pharmacy,Pharmacy,6.3663386,0.1838588,"OSM,HDX,healthsites",0.61,6553303372,Other,13.714676933706594
Unnamed Pharmacy,Pharmacy,5.1050349,-1.2758382,"OSM,HDX,healthsites",0.61,6554654892,Other,152.25418964879998
Unnamed Pharmacy,Pharmacy,5.7059529,-0.1493247,"OSM,HDX,healthsites",0.61,6575313088,Other,64.01692008432933
Unnamed Pharmacy,Pharmacy,5.7135972,-0.1508882,"OSM,HDX,healthsites",0.61,6575313093,Other,63.20316196465087
Unnamed Pharmacy,Pharmacy,5.6401013,-0.0923327,"OSM,HDX,healthsites",0.61,6604418259,Other,73.52630610833322
Unnamed Pharmacy,Pharmacy,6.8052517,-2.5162067,"OSM,HDX,healthsites",0.61,6609789080,Other,69.01363058224364
Unnamed Pharmacy,Pharmacy,9.4391843,-0.8806631,"OSM,HDX,healthsites",0.61,6628636253,Other,100.76684122193447
Unnamed Pharmacy,Pharmacy,9.4341994,-0.8688936,"OSM,HDX,healthsites",0.61,6628636261,Other,101.21661321867091
Unnamed Pharmacy,Pharmacy,9.3758348,-0.8787825,"OSM,HDX,healthsites",0.61,6643992567,Other,107.73445564021621
Unnamed Pharmacy,Pharmacy,9.4040771,-0.9008554,"OSM,HDX,healthsites",0.61,6644165397,Other,104.83903420094289
Unnamed Pharmacy,Pharmacy,9.381112,-0.8486031,"OSM,HDX,healthsites",0.61,6657361491,Other,106.94834978081653
Unnamed Pharmacy,Pharmacy,9.3571382,-0.8520256,"OSM,HDX,healthsites",0.61,6657361501,Other,109.61476656178006
Unnamed Pharmacy,Pharmacy,9.3387742,-0.8190727,"OSM,HDX,healthsites",0.61,6657361519,Other,111.52966897867103
Unnamed Pharmacy,Pharmacy,9.4262996,-0.8340562,"OSM,HDX,healthsites",0.61,6657421184,Other,101.89107400487188
Unnamed Pharmacy,Pharmacy,9.4342524,-0.7720172,"OSM,HDX,healthsites",0.61,6657453008,Other,101.01536315656597
Unnamed Pharmacy,Pharmacy,9.4699444,-0.8192707,"OSM,HDX,healthsites",0.61,6657453027,Other,97.02406445252188
Unnamed Pharmacy,Pharmacy,9.4641496,-0.8264251,"OSM,HDX,healthsites",0.61,6657453030,Other,97.68193873757863
Unnamed Pharmacy,Pharmacy,9.4625373,-0.8290497,"OSM,HDX,healthsites",0.61,6657453031,Other,97.8680253283347
Unnamed Pharmacy,Pharmacy,6.8019152,-2.5134033,"OSM,HDX,healthsites",0.61,6721877883,Other,68.62998394214011
Unnamed Pharmacy,Pharmacy,5.6030406,-0.0925735,"OSM,HDX,healthsites",0.61,6743975908,Other,77.01226455115841
Unnamed Pharmacy,Pharmacy,6.8032819,-2.5146278,"OSM,HDX,healthsites",0.61,6745955523,Other,68.78739164694024
Unnamed Pharmacy,Pharmacy,6.8037647,-2.5148652,"OSM,HDX,healthsites",0.61,6745979727,Other,68.841997832762
Unnamed Pharmacy,Pharmacy,5.6229952,-0.0862296,"OSM,HDX,healthsites",0.61,6772277885,Other,75.4887014088057
Unnamed Pharmacy,Pharmacy,6.8047438,-2.5158703,"OSM,HDX,healthsites",0.61,6788165080,Other,68.95565233334051
Unnamed Pharmacy,Pharmacy,7.3376557,-2.320804,"OSM,HDX,healthsites",0.61,6814403385,Other,107.94474743333645
Unnamed Pharmacy,Pharmacy,5.6201169,-0.1078615,"OSM,HDX,healthsites",0.62,6859260076,Other,74.52681968764469
Unnamed Pharmacy,Pharmacy,9.4610914,-0.8680281,"OSM,HDX,healthsites",0.61,6876160102,Other,98.24304351831432
Unnamed Pharmacy,Pharmacy,8.144827,-0.1540547,"OSM,HDX,healthsites",0.61,6908414026,Other,41.40068603386918
Unnamed Pharmacy,Pharmacy,6.6900562,-1.6073444,"OSM,HDX,healthsites",0.61,6938858994,Other,47.17627841832973
Unnamed Pharmacy,Pharmacy,5.5874926,-0.1065635,"OSM,HDX,healthsites",0.61,6960499228,Other,77.73671818240295
Unnamed Pharmacy,Pharmacy,10.776952,-0.8682704,"OSM,HDX,healthsites",0.61,6989603203,Other,48.08309604526497
Unnamed Pharmacy,Pharmacy,9.4142493,-0.8631999,"OSM,HDX,healthsites",0.61,7047185822,Other,103.37633033198864
Unnamed Pharmacy,Pharmacy,9.4043446,-0.9106317,"OSM,HDX,healthsites",0.61,7047185833,Other,104.92426386610765
Unnamed Pharmacy,Pharmacy,9.4290365,-0.9156432,"OSM,HDX,healthsites",0.61,7047185856,Other,102.27546932459852
Unnamed Pharmacy,Pharmacy,9.4132945,-0.8469236,"OSM,HDX,healthsites",0.61,7047185870,Other,103.38412070675676
Unnamed Pharmacy,Pharmacy,5.7530506,0.0457586,"OSM,HDX,healthsites",0.61,7095363870,Other,73.75237558577612
Unnamed Pharmacy,Pharmacy,5.7570049,0.0491561,"OSM,HDX,healthsites",0.61,7095401440,Other,73.73746812767597
Unnamed Pharmacy,Pharmacy,9.7446283,-0.8237217,"OSM,HDX,healthsites",0.61,7115087242,Other,66.66404392865725
Unnamed Pharmacy,Pharmacy,9.8625151,-0.870556,"OSM,HDX,healthsites",0.61,7115122023,Other,54.08978136035665
Unnamed Pharmacy,Pharmacy,9.4030849,-0.8410064,"OSM,HDX,healthsites",0.61,7118950570,Other,104.48459645631682
Unnamed Pharmacy,Pharmacy,9.4626361,-0.8461139,"OSM,HDX,healthsites",0.61,7119881704,Other,97.92855711779899
Unnamed Pharmacy,Pharmacy,10.3975025,-0.7858905,"OSM,HDX,healthsites",0.61,7119947983,Other,5.9096029930119105
Unnamed Pharmacy,Pharmacy,10.4730388,-0.7936904,"OSM,HDX,healthsites",0.61,7119985893,Other,13.98253847356988
Unnamed Pharmacy,Pharmacy,10.527837,-0.3701711,"OSM,HDX,healthsites",0.61,7133434576,Other,51.489077325696044
Unnamed Pharmacy,Pharmacy,5.6283169,-0.2510541,"OSM,HDX,healthsites",0.61,7142877776,Other,67.09369389158229
Unnamed Pharmacy,Pharmacy,10.7174307,-0.8662153,"OSM,HDX,healthsites",0.61,7190871602,Other,41.54490347855364
Unnamed Pharmacy,Pharmacy,10.726383,-0.8657816,"OSM,HDX,healthsites",0.61,7190878321,Other,42.51419170489757
Unnamed Pharmacy,Pharmacy,5.58673,-0.2515522,"OSM,HDX,healthsites",0.61,7209372663,Other,71.4464672430089
Unnamed Pharmacy,Pharmacy,5.631006,-0.0900403,"OSM,HDX,healthsites",0.61,7238982607,Other,74.51351795960403
Unnamed Pharmacy,Pharmacy,5.591326,-0.1804885,"OSM,HDX,healthsites",0.62,7273923606,Other,73.73438324075944
Unnamed Pharmacy,Pharmacy,5.6039146,-1.5470374,"OSM,HDX,healthsites",0.61,7293130070,Other,121.91486968599546
Unnamed Pharmacy,Pharmacy,5.6643066,-0.204411,"OSM,HDX,healthsites",0.61,7306802598,Other,65.28124522144716
Unnamed Pharmacy,Pharmacy,5.6862912,-0.1693591,"OSM,HDX,healthsites",0.61,7471988345,Other,64.81433403303184
Unnamed Pharmacy,Pharmacy,5.6512174,-0.2372205,"OSM,HDX,healthsites",0.61,7472405929,Other,65.22871372439414
Unnamed Pharmacy,Pharmacy,5.0626406,-2.7766584,"OSM,HDX,healthsites",0.61,7600226974,Other,127.94600533328051
Unnamed Pharmacy,Pharmacy,5.0629333,-2.7771963,"OSM,HDX,healthsites",0.61,7600226975,Other,127.9297806085147
Unnamed Pharmacy,Pharmacy,5.5356032,-0.2284627,"OSM,HDX,healthsites",0.62,7629520511,Other,77.61201720317625
Unnamed Pharmacy,Pharmacy,5.5314928,-0.3245533,"OSM,HDX,healthsites",0.61,7775299415,Other,75.43856220074125
Unnamed Pharmacy,Pharmacy,5.6572599,-0.3030799,"OSM,HDX,healthsites",0.61,7799269525,Other,62.36515003388921
Unnamed Pharmacy,Pharmacy,5.7176285,0.126152,"OSM,HDX,healthsites",0.61,7810461597,Other,83.02680607498178
Unnamed Pharmacy,Pharmacy,5.5882313,-0.2076246,"OSM,HDX,healthsites",0.61,7814711688,Other,72.90650343635387
Unnamed Pharmacy,Pharmacy,5.6252278,-0.1348684,"OSM,HDX,healthsites",0.61,7858372628,Other,72.57133027630594
Unnamed Pharmacy,Pharmacy,5.6866721,-0.1760895,"OSM,HDX,healthsites",0.61,7869268402,Other,64.42792014214703
Unnamed Pharmacy,Pharmacy,5.6373201,-0.2139386,"OSM,HDX,healthsites",0.61,7883354585,Other,67.60597478866718
Unnamed Pharmacy,Pharmacy,5.6433513,-0.2232717,"OSM,HDX,healthsites",0.61,7933810163,Other,66.59967386066496
Unnamed Pharmacy,Pharmacy,5.1460047,-1.2811691,"OSM,HDX,healthsites",0.61,8023237414,Other,149.03118041294687
Unnamed Pharmacy,Pharmacy,5.8218406,-2.8237813,"OSM,HDX,healthsites",0.61,8074392117,Other,54.74760113747706
Unnamed Pharmacy,Pharmacy,5.8299998,-2.8209091,"OSM,HDX,healthsites",0.61,8172266644,Other,53.87421601231167
Unnamed Pharmacy,Pharmacy,6.5465359,0.6953913,"OSM,HDX,healthsites",0.61,8201473920,Other,59.28875279620298
Unnamed Pharmacy,Pharmacy,5.7719154,-2.7441694,"OSM,HDX,healthsites",0.61,8246313534,Other,53.69514134269132
Unnamed Pharmacy,Pharmacy,5.6100278,-2.7341031,"OSM,HDX,healthsites",0.61,8246649241,Other,69.02735613677473
Unnamed Pharmacy,Pharmacy,6.5270831,0.2242927,"OSM,HDX,healthsites",0.61,8541483917,Other,8.057242212037085
Unnamed Pharmacy,Pharmacy,5.861134,0.7619456,"OSM,HDX,healthsites",0.61,8544159978,Other,95.99509412424136
Unnamed Pharmacy,Pharmacy,5.5952672,-0.1998648,"OSM,HDX,healthsites",0.61,8567046217,Other,72.50070837945499
Unnamed Pharmacy,Pharmacy,5.6732006,-0.1094704,"OSM,HDX,healthsites",0.61,8572015717,Other,69.41807337893617
Unnamed Pharmacy,Pharmacy,5.5903667,-0.1360283,"OSM,HDX,healthsites",0.61,8572308017,Other,75.92806530491957
Unnamed Pharmacy,Pharmacy,5.5389859,-0.248778,"OSM,HDX,healthsites",0.61,8572607019,Other,76.58421263210664
Unnamed Pharmacy,Pharmacy,5.1440254,-1.2831078,"OSM,HDX,healthsites",0.61,8851393817,Other,149.33618922555365
Unnamed Pharmacy,Pharmacy,10.7871975,-0.8144192,"OSM,HDX,healthsites",0.61,8900383609,Other,48.705627174017756
Unnamed Pharmacy,Pharmacy,10.7841309,-0.8014749,"OSM,HDX,healthsites",0.61,8900383610,Other,48.35226592341087
Unnamed Pharmacy,Pharmacy,5.6775386,-0.0153169,"OSM,HDX,healthsites",0.61,8909723941,Other,75.1597475549623
Unnamed Pharmacy,Pharmacy,6.6582845,-1.5374715,"OSM,HDX,healthsites",0.61,8919586054,Other,46.9267464880436
Unnamed Pharmacy,Pharmacy,5.4943964,-0.6895469,"OSM,HDX,healthsites",0.61,8929201613,Other,82.83463590160491
Unnamed Pharmacy,Pharmacy,10.0652295,-2.4997954,"OSM,HDX,healthsites",0.61,8957052844,Other,188.4568957097675
Unnamed Pharmacy,Pharmacy,10.0338061,-2.4739808,"OSM,HDX,healthsites",0.61,8957055995,Other,186.29166374046912
Unnamed Pharmacy,Pharmacy,5.5678337,-2.0117938,"OSM,HDX,healthsites",0.61,9127625140,Other,85.7498798856557
Unnamed Pharmacy,Pharmacy,5.7874001,-0.1628449,"OSM,HDX,healthsites",0.61,9132743819,Other,55.618492095277006
Unnamed Pharmacy,Pharmacy,5.7912037,-0.157524,"OSM,HDX,healthsites",0.61,9132743822,Other,55.60809345955882
Unnamed Pharmacy,Pharmacy,5.7904749,-0.158601,"OSM,HDX,healthsites",0.61,9132744117,Other,55.60571279238562
Unnamed Pharmacy,Pharmacy,5.6763539,-0.1723844,"OSM,HDX,healthsites",0.61,9139758117,Other,65.6293475813831
Unnamed Pharmacy,Pharmacy,5.2976961,-1.9996254,"OSM,HDX,healthsites",0.61,9147127398,Other,111.56837089104071
Unnamed Pharmacy,Pharmacy,5.6253869,-0.0732856,"OSM,HDX,healthsites",0.61,9341180517,Other,76.03296679505523
Unnamed Pharmacy,Pharmacy,5.6172532,-0.124579,"OSM,HDX,healthsites",0.61,9458241717,Other,73.89100420182409
Unnamed Pharmacy,Pharmacy,5.6207789,-0.0708943,"OSM,HDX,healthsites",0.61,9461570717,Other,76.60475973093729
Unnamed Pharmacy,Pharmacy,5.7688001,-0.1220384,"OSM,HDX,healthsites",0.61,9592741594,Other,59.92076544016451
Unnamed Pharmacy,Pharmacy,5.6093885,-0.2469702,"OSM,HDX,healthsites",0.61,9596455588,Other,69.22155486328526
Unnamed Pharmacy,Pharmacy,5.6458414,-0.1368852,"OSM,HDX,healthsites",0.61,9602407209,Other,70.46458329041378
Unnamed Pharmacy,Pharmacy,4.9291754,-1.7638462,"OSM,HDX,healthsites",0.61,9609526644,Other,159.90546514218622
Unnamed Pharmacy,Pharmacy,4.9957193,-1.6812788,"OSM,HDX,healthsites",0.61,9609555746,Other,158.5203314071426
Unnamed Pharmacy,Pharmacy,7.3301048,-2.3295877,"OSM,HDX,healthsites",0.61,9696568823,Other,108.63712598071629
Unnamed Pharmacy,Pharmacy,6.4531371,-2.3169834,"OSM,HDX,healthsites",0.61,9701869862,Other,35.25089522152044
Unnamed Pharmacy,Pharmacy,6.4492768,-2.315356,"OSM,HDX,healthsites",0.61,9701894972,Other,34.98452814032448
Unnamed Pharmacy,Pharmacy,5.5559561,-0.3045522,"OSM,HDX,healthsites",0.61,9738271925,Other,73.2206448146193
Unnamed Pharmacy,Pharmacy,6.8061066,-1.5431847,"OSM,HDX,healthsites",0.61,9765902744,Other,32.530933961669206
Unnamed Pharmacy,Pharmacy,6.7021772,-1.7481763,"OSM,HDX,healthsites",0.61,9765912575,Other,55.90076401956621
Unnamed Pharmacy,Pharmacy,5.7205171,-0.0583524,"OSM,HDX,healthsites",0.61,9847944517,Other,68.46470113712343
Unnamed Pharmacy,Pharmacy,10.0605771,-2.5306126,"OSM,HDX,healthsites",0.61,9921291278,Other,191.87347007100573
Unnamed Pharmacy,Pharmacy,10.8912898,-1.0878627,"OSM,HDX,healthsites",0.61,9925608517,Other,67.77071356487967
Unnamed Pharmacy,Pharmacy,9.8712835,-2.4618213,"OSM,HDX,healthsites",0.61,9935260932,Other,189.2188049892103
Unnamed Pharmacy,Pharmacy,9.8673366,-2.4621777,"OSM,HDX,healthsites",0.61,9935260933,Other,189.37922031928252
Unnamed Pharmacy,Pharmacy,5.6164405,-0.0959933,"OSM,HDX,healthsites",0.61,9983736618,Other,75.5447157410853
Unnamed Pharmacy,Pharmacy,6.6995414,-1.612981,"OSM,HDX,healthsites",0.61,10023100979,Other,46.61623089159136
Unnamed Pharmacy,Pharmacy,6.7857215,-1.5696456,"OSM,HDX,healthsites",0.61,10023102192,Other,36.02337378922411
Unnamed Pharmacy,Pharmacy,6.6599097,-1.8423071,"OSM,HDX,healthsites",0.61,10023131431,Other,66.73458671980981
Unnamed Pharmacy,Pharmacy,5.7140365,-0.1988275,"OSM,HDX,healthsites",0.61,10246637256,Other,60.584231370012915
Unnamed Pharmacy,Pharmacy,5.7170227,-0.1764734,"OSM,HDX,healthsites",0.61,10246654321,Other,61.45381439655934
Unnamed Pharmacy,Pharmacy,5.6769512,-0.2391575,"OSM,HDX,healthsites",0.61,10249834096,Other,62.4969822803179
Unnamed Pharmacy,Pharmacy,5.6677962,-0.2485273,"OSM,HDX,healthsites",0.61,10249859834,Other,63.07248004790702
Unnamed Pharmacy,Pharmacy,5.672872,-0.2406078,"OSM,HDX,healthsites",0.61,10249864885,Other,62.85855008177521
Unnamed Pharmacy,Pharmacy,5.6510313,-0.1302357,"OSM,HDX,healthsites",0.61,10262239547,Other,70.32686460937882
Unnamed Pharmacy,Pharmacy,5.5341273,-0.4294632,"OSM,HDX,healthsites",0.61,10284232091,Other,73.95793889626
Unnamed Pharmacy,Pharmacy,5.5224359,-0.4779851,"OSM,HDX,healthsites",0.61,10284300124,Other,75.30990289245594
Unnamed Pharmacy,Pharmacy,5.6175359,-0.1149752,"OSM,HDX,healthsites",0.61,10291309109,Other,74.38218475754583
Unnamed Pharmacy,Pharmacy,5.6158538,-0.1083811,"OSM,HDX,healthsites",0.61,10291309110,Other,74.90605259256772
Unnamed Pharmacy,Pharmacy,5.1210512,-1.2715589,"OSM,HDX,healthsites",0.61,10293148793,Other,150.55683103444926
Unnamed Pharmacy,Pharmacy,5.7229155,-0.2039876,"OSM,HDX,healthsites",0.61,10302249981,Other,59.45006094433548
Unnamed Pharmacy,Pharmacy,5.2579046,-1.0218202,"OSM,HDX,healthsites",0.61,10674888237,Other,122.39847386239805
Unnamed Pharmacy,Pharmacy,6.6868009,-1.607033,"OSM,HDX,healthsites",0.61,10695790685,Other,47.46648521803754
Unnamed Pharmacy,Pharmacy,6.7937465,-1.6446384,"OSM,HDX,healthsites",0.61,10726648998,Other,40.64118278143115
Unnamed Pharmacy,Pharmacy,6.7787883,-1.6434644,"OSM,HDX,healthsites",0.61,10726740143,Other,41.74276560947511
Unnamed Pharmacy,Pharmacy,5.5482719,-0.4048959,"OSM,HDX,healthsites",0.61,10775460446,Other,72.51493186778103
Unnamed Pharmacy,Pharmacy,5.7328258,-0.3128047,"OSM,HDX,healthsites",0.61,10900106109,Other,54.01991091619866
Unnamed Pharmacy,Pharmacy,6.6881906,-1.5935086,"OSM,HDX,healthsites",0.61,10908335763,Other,46.57923502969125
Unnamed Pharmacy,Pharmacy,5.6336404,-0.0875989,"OSM,HDX,healthsites",0.61,10967502038,Other,74.41036070769871
Unnamed Pharmacy,Pharmacy,6.6651728,-1.5269789,"OSM,HDX,healthsites",0.61,11009076561,Other,45.80745631565514
Unnamed Pharmacy,Pharmacy,6.6871201,-1.581291,"OSM,HDX,healthsites",0.61,11138464953,Other,46.03222549822884
Unnamed Pharmacy,Pharmacy,6.6726948,-1.5425558,"OSM,HDX,healthsites",0.61,11166422447,Other,45.65290110126547
Unnamed Pharmacy,Pharmacy,6.6710739,-1.5419279,"OSM,HDX,healthsites",0.61,11166443363,Other,45.792505276114106
Unnamed Pharmacy,Pharmacy,6.6674425,-1.5403605,"OSM,HDX,healthsites",0.61,11167452660,Other,46.10004601487768
Unnamed Pharmacy,Pharmacy,5.5947541,-0.4131544,"OSM,HDX,healthsites",0.61,11248441237,Other,67.32982433733342
Unnamed Pharmacy,Pharmacy,5.5880872,-0.4199641,"OSM,HDX,healthsites",0.61,11248457137,Other,68.02963369604085
Unnamed Pharmacy,Pharmacy,5.5535837,-0.4198647,"OSM,HDX,healthsites",0.61,11248457339,Other,71.84234775728608
Unnamed Pharmacy,Pharmacy,5.5815287,-0.2996917,"OSM,HDX,healthsites",0.61,11261336637,Other,70.58264939737279
Unnamed Pharmacy,Pharmacy,6.7055893,-1.6358383,"OSM,HDX,healthsites",0.61,11279850524,Other,47.480670851424165
Unnamed Pharmacy,Pharmacy,6.6380621,-1.6212716,"OSM,HDX,healthsites",0.61,11279854939,Other,52.91582994174401
Unnamed Pharmacy,Pharmacy,6.6580499,-1.6191752,"OSM,HDX,healthsites",0.61,11279872997,Other,50.88538124144967
Unnamed Pharmacy,Pharmacy,6.6998516,-1.6211143,"OSM,HDX,healthsites",0.61,11279878008,Other,47.07855158091336
Unnamed Pharmacy,Pharmacy,6.7006145,-1.7174459,"OSM,HDX,healthsites",0.61,11292789630,Other,53.64369629315719
Unnamed Pharmacy,Pharmacy,5.6233726,-0.234689,"OSM,HDX,healthsites",0.61,11334779831,Other,68.21235271199004
Unnamed Pharmacy,Pharmacy,4.8888154,-1.9650078,"OSM,HDX,healthsites",0.61,11348833136,Other,154.15586581807736
Unnamed Pharmacy,Pharmacy,5.577008,-0.2985254,"OSM,HDX,healthsites",0.61,11373777869,Other,71.09888601681523
Unnamed Pharmacy,Pharmacy,5.5929854,-0.1519941,"OSM,HDX,healthsites",0.61,11398484209,Other,74.88397903633101
Unnamed Pharmacy,Pharmacy,5.6924787,-0.0263216,"OSM,HDX,healthsites",0.61,11767342318,Other,73.10934686789136
Unnamed Pharmacy,Pharmacy,5.5484121,-0.2093946,"OSM,HDX,healthsites",0.61,11768804570,Other,76.96047336948494
Unnamed Pharmacy,Pharmacy,5.6811553,-0.3398973,"OSM,HDX,healthsites",0.61,12283536476,Other,58.86442635969368
Unnamed Pharmacy,Pharmacy,5.6605156,-0.1316733,"OSM,HDX,healthsites",0.61,12455692777,Other,69.33876096698907
Unnamed Pharmacy,Pharmacy,5.6864326,-0.1166848,"OSM,HDX,healthsites",0.61,12459510199,Other,67.75459999675377
Unnamed Pharmacy,Pharmacy,5.8210363,-0.1205815,"OSM,HDX",0.47,12504518040,Other,55.50666451751518
Unnamed Pharmacy,Pharmacy,5.6605647,-0.1316649,"OSM,HDX,healthsites",0.61,12988615279,Other,69.33453230559667
Unnamed Pharmacy,Pharmacy,10.0030408,-2.4374314,"OSM,HDX,healthsites",0.61,13190139383,Other,183.04342986267076
Unnamed Pharmacy,Pharmacy,5.7226573,-0.2231839,"OSM,HDX",0.47,13334593952,Other,58.547918359233385
Unnamed Pharmacy,Pharmacy,9.4108563,-0.8458237,OSM,0.33,154529522,Other,103.6480377120821
Unnamed Pharmacy,Pharmacy,9.3912844,-0.8404426,OSM,0.33,156387748,Other,105.78639425619461
Unnamed Pharmacy,Pharmacy,5.8640981,0.4330329,OSM,0.33,355684266,Other,75.26304843257927
Unnamed Pharmacy,Pharmacy,5.8635207,0.4333225,OSM,0.33,355684267,Other,75.33438801589699
Unnamed Pharmacy,Pharmacy,10.5343726,-0.3740678,OSM,0.33,458208358,Other,51.383060840570586
Unnamed Pharmacy,Pharmacy,10.5240961,-0.3698731,OSM,0.33,461407540,Other,51.36016863870412
Unnamed Pharmacy,Pharmacy,10.5216273,-0.3672441,OSM,0.33,464055939,Other,51.52355671869714
Unnamed Pharmacy,Pharmacy,10.5261017,-0.3689643,OSM,0.33,477045311,Other,51.53689201672907
Unnamed Pharmacy,Pharmacy,6.477494,-0.6567451,OSM,0.33,505642859,Other,38.29042805389844
Unnamed Pharmacy,Pharmacy,6.7033425,-1.6124471,OSM,0.33,614488323,Other,46.23070943065853
Unnamed Pharmacy,Pharmacy,5.5372664,-0.4061284,OSM,0.33,622248176,Other,73.72124899011114
Unnamed Pharmacy,Pharmacy,5.6146008,-0.2460799,OSM,0.33,632309543,Other,68.7071552632637
Unnamed Pharmacy,Pharmacy,5.6751552,-0.0231366,OSM,0.33,662049242,Other,74.81852781938984
Unnamed Pharmacy,Pharmacy,5.5862745,-0.1970648,OSM,0.33,715097996,Other,73.53888191470335
Unnamed Pharmacy,Pharmacy,10.79159,-0.7925439,OSM,0.33,725256380,Other,49.19144888334206
Unnamed Pharmacy,Pharmacy,8.2011846,-0.1320589,OSM,0.33,725851386,Other,46.48714908381835
Unnamed Pharmacy,Pharmacy,8.2019149,-0.1310091,OSM,0.33,725851387,Other,46.53197882593848
Unnamed Pharmacy,Pharmacy,5.561151,-0.1851506,OSM,0.33,879206592,Other,76.60963612354641
Unnamed Pharmacy,Pharmacy,5.479832,-0.5602604,OSM,0.33,1039017785,Other,80.93076740501381
Unnamed Pharmacy,Pharmacy,5.5455338,-0.4033586,OSM,0.33,1150125236,Other,72.82801548162827
Unnamed Pharmacy,Pharmacy,5.9110144,0.9906233,OSM,0.33,1222305887,Other,111.70584786499725
Unnamed Pharmacy,Pharmacy,5.7144889,-0.1872516,OSM,0.33,1328165148,Other,61.130165462671364
Unnamed Pharmacy,Pharmacy,5.8229134,-0.1218929,OSM,0.33,1354896829,Other,55.254494367120536
Uptown Pharmacy,Pharmacy,5.7026628,-0.030382,OSM,0.53,934924722,Other,71.95496160150506
Verdi Pharmacy,Pharmacy,6.1203543,1.1805651,"OSM,HDX,healthsites",0.81,3655509800,Other,119.78061525900256
Verdi Pharmacy,Pharmacy,6.1174636,1.1808043,"OSM,HDX,healthsites",0.81,6371762886,Other,119.91480611194963
Vero Chemists Limited,Pharmacy,6.6986672,-1.707559,"OSM,HDX,healthsites",0.81,6091147323,Other,53.06192145509638
Veronica Sasah,Pharmacy,5.5091696,-0.3377949,"OSM,HDX,healthsites",0.81,7775284579,Other,77.62852744779843
Vicar Pharmacy,Pharmacy,5.6221882,-0.0911076,"OSM,HDX,healthsites",0.81,6700604298,Other,75.2809938618748
Vicdoris Pharmacy,Pharmacy,5.5741404,-0.2308805,"OSM,HDX,healthsites",0.82,9599082167,Other,73.48561364570317
Vicdoris Pharmacy,Pharmacy,5.5716996,-0.2058184,OSM,0.53,902217687,Other,74.68454267889986
Vicmag Pharmacy,Pharmacy,5.6006489,-0.1037581,"OSM,HDX,healthsites",0.81,6743999386,Other,76.61972729093
Vins Pharmacy,Pharmacy,5.2900437,-2.7773217,"OSM,HDX,healthsites",0.82,7329793485,Other,103.83307537055109
Vir-Tee Pharmacy,Pharmacy,6.1551823,0.0607029,"OSM,HDX,healthsites",0.81,6016629538,Other,38.54334692224965
Visat Pharmacy,Pharmacy,5.6838838,-0.1806008,"OSM,HDX,healthsites",0.81,7614571218,Other,64.47184575101736
Vital Pharmacy,Pharmacy,6.6477953,-1.6435323,"OSM,HDX,healthsites",0.81,11399968306,Other,53.25766311265416
Vivis Pharma,Pharmacy,5.528026,-0.452498,"OSM,HDX,healthsites",0.81,10284263796,Other,74.6126809102881
Voek Pharmacy,Pharmacy,5.7617984,0.0519873,"OSM,HDX,healthsites",0.81,7095415507,Other,73.61858987643521
Wellmark Pharmacy,Pharmacy,5.6812239,-0.1931704,"OSM,HDX,healthsites",0.81,7193211854,Other,64.11348931003907
Weseh Chemical Store,Pharmacy,5.6154238,-0.2396658,"OSM,HDX,healthsites",0.93,6279110348,Other,68.85364624827008
Wesley Pharmacy,Pharmacy,6.0879701,-0.2549351,"OSM,HDX,healthsites",0.81,6394489647,Other,24.680836428290412
Western Chemicals,Pharmacy,4.8965139,-1.7568575,"OSM,HDX,healthsites",0.81,7751989786,Other,163.42637399865538
Western Pharmacy,Pharmacy,6.6997152,-1.6506044,"OSM,HDX,healthsites",0.81,6091146476,Other,48.96887325081963
Westlife Pharmacy,Pharmacy,5.5289082,-0.2643292,"OSM,HDX,healthsites",0.82,2026403692,Other,77.18582258671483
Westlink Chemists Limited,Pharmacy,5.3058609,-1.9948473,"OSM,HDX,healthsites",0.81,4269314814,Other,111.03518983736198
White Tower,Pharmacy,5.5611214,-0.2152962,"OSM,HDX,healthsites",0.81,7091233013,Other,75.41646669889454
Widama Pharmacy,Pharmacy,5.6901826,-0.0304879,OSM,0.53,933824924,Other,73.01385483613002
Wilhelm Pharmacy,Pharmacy,5.3006073,-2.0030463,"OSM,HDX,healthsites",0.81,9811784101,Other,111.103871610562
Willidark Chemical,Pharmacy,6.8039489,-2.516668,"OSM,HDX,healthsites",0.81,6314191642,Other,68.8723580451888
Wilmens Pharmacy,Pharmacy,5.3061903,-1.9946284,"OSM,HDX,healthsites",0.81,4269314815,Other,111.01524708928225
Wilmort Pharmacy,Pharmacy,4.9377799,-1.777874,"OSM,HDX,healthsites",0.81,10998405566,Other,158.30710542229141
Winefred Adjei,Pharmacy,6.7959082,-2.5172277,"OSM,HDX,healthsites",0.81,6388787464,Other,67.98761100173813
Worldview Pharmacy,Pharmacy,5.6057445,-0.1882256,"OSM,HDX,healthsites",0.81,1191436208,Other,71.93049205614686
X-Perts Pharmacy,Pharmacy,5.652385,-0.0765088,"OSM,HDX,healthsites",0.82,10957259148,Other,73.34358553690525
Xerion Chemist,Pharmacy,9.4121451,-0.8657708,"OSM,HDX,healthsites",0.82,6643941875,Other,103.62680018265254
Xornam 360 Pharmacy LTD,Pharmacy,6.628161,0.4756567,"OSM,HDX,healthsites",0.93,9257885177,Other,37.92160110673587
Yakos Pharmacy,Pharmacy,5.7340192,-0.1749534,"OSM,HDX,healthsites",0.81,7859185106,Other,59.902064767779365
Yomefa Pharmacy,Pharmacy,6.5942676,0.471896,"OSM,HDX,healthsites",0.81,6016629738,Other,36.16292500527796
Z. A Herbal Home,Pharmacy,5.5823184,-0.2029019,"OSM,HDX,healthsites",0.93,6976560824,Other,73.70591970677557
Zagus Chemicals,Pharmacy,5.5795963,-0.2027965,"OSM,HDX,healthsites",0.93,6985230183,Other,73.9904680920649
Zip Pharmacy,Pharmacy,6.5438865,-0.7607826,OSM,0.53,1144099463,Other,51.331909014718924
Zizi's Pharmacy,Pharmacy,5.6480879,-0.1330656,"OSM,HDX,healthsites",0.81,3802491199,Other,70.45472012723506
Zoe Pharmacy,Pharmacy,5.6674763,-0.1856089,"OSM,HDX,healthsites",0.81,7187301603,Other,65.84701245281228
pile box,Pharmacy,5.766477,0.0614195,"OSM,HDX,healthsites",0.81,6719795485,Other,74.06604242579513
